[
    {
        "dataset": "CSV",
        "class_0": "7.1",
        "label_0": [
            "uncover the crucible",
            "put the crucible cap",
            "take up the crucible",
            "put down the crucible",
            "move the alcohol burner",
            "take up the crucible tong",
            "clamp the crucible tong",
            "put down the crucible",
            "put down the crucible tong",
            "take up the crucible cap",
            "cover the crucible with the crucible cap"
        ],
        "video_0": "7.1/zouzhicheng",
        "class_1": null,
        "video_1": null,
        "QA": {
            "q": "In the context of the laboratory procedure shown in the video, could you detail the chronological sequence of actions performed with the crucible, crucible tong, crucible cap, and alcohol burner, emphasizing each step?",
            "a": "Within the context of the laboratory procedure presented in the video, the chronological sequence of actions begins with the individual uncovering the crucible. This is followed by putting the crucible cap and then taking up the crucible. They put down the crucible and move the alcohol burner. Subsequently, the person takes up the crucible tong and clamps it. The crucible is put down again, and then the crucible tong is put down. The sequence concludes with taking up the crucible cap and covering the crucible with it."
        }
    },
    {
        "dataset": "CSV",
        "class_0": "8.2",
        "label_0": [
            "take up the test paper",
            "tear the test paper",
            "put down the test paper",
            "put down the test paper",
            "take up the tweezer",
            "clamp the tweezer",
            "put down the test paper",
            "put down the tweezer",
            "take up the glass rod",
            "point the glass rod to evaporating dish",
            "point the glass rod to test paper",
            "put down the glass rod"
        ],
        "video_0": "8.2/zouzhicheng",
        "class_1": null,
        "video_1": null,
        "QA": {
            "q": "Can you list and elaborate on the sequential actions demonstrated in the video, particularly focusing on the manipulation and handling of the test paper, tweezers, and glass rod?",
            "a": "The video demonstrates a sequence that starts with the person taking up the test paper. Following this, there is an action of tearing the test paper and then putting it down twice. The individual takes up the tweezer and clamps it. The test paper is put down again, and then the tweezer is put down. The sequence concludes with taking up the glass rod, pointing it first to the evaporating dish, then to the test paper, and finally putting down the glass rod."
        }
    },
    {
        "dataset": "CSV",
        "class_0": "9.1",
        "label_0": [
            "take up the beaker",
            "put down the beaker",
            "take up the iron ring",
            "screw the iron ring",
            "take up the glass funnel",
            "put down the glass funnel",
            "take up the filter paper",
            "fold the filter paper",
            "put down the filter paper"
        ],
        "video_0": "9.1/zhuyuewei",
        "class_1": null,
        "video_1": null,
        "QA": {
            "q": "Can you list and elaborate on the sequential actions demonstrated in the video, particularly focusing on the manipulation and handling of the beaker, iron ring, glass funnel, and filter paper?",
            "a": "The video demonstrates a sequence that starts with the person taking up the beaker. Following this, there is an action of putting down the beaker. The individual then takes up the iron ring and screws it. Subsequently, the glass funnel is taken up and put down. The sequence concludes with taking up the filter paper, folding it, and then putting it down."
        }
    },
    {
        "dataset": "CSV",
        "class_0": "10.2",
        "label_0": [
            "take up the iron ring",
            "screw the iron ring",
            "take up the separating funnel",
            "put down the separating funnel",
            "take up the conical flask",
            "pour the conical flask",
            "put down the conical flask",
            "insert the upper piston",
            "screw the lower piston"
        ],
        "video_0": "10.2/zhaowenlei",
        "class_1": null,
        "video_1": null,
        "QA": {
            "q": "In the context of the laboratory procedure shown in the video, could you detail the chronological sequence of actions performed with the iron ring, separating funnel, conical flask, and pistons, emphasizing each step?",
            "a": "Within the context of the laboratory procedure presented in the video, the chronological sequence of actions begins with the individual taking up the iron ring. This is followed by screwing the iron ring, taking up the separating funnel, and putting it down. Subsequently, the conical flask is taken up, its contents are poured, and it's put down. The sequence concludes with inserting the upper piston and screwing the lower piston."
        }
    },
    {
        "dataset": "CSV",
        "class_0": "11.5",
        "label_0": [
            "screw the knob",
            "take up the rubber stopper",
            "put down the rubber stopper",
            "take up the tweezer",
            "clamp the tweezer",
            "put down the weight",
            "clamp the tweezer",
            "put down the weight",
            "put down the tweezer",
            "move the vernier"
        ],
        "video_0": "11.5/zhengwenwen",
        "class_1": null,
        "video_1": null,
        "QA": {
            "q": "In the context of the procedure shown in the video, could you detail the chronological sequence of actions performed with the knob, rubber stopper, tweezers, and vernier?",
            "a": "Within the context of the procedure presented in the video, the sequence begins with screwing the knob. The individual then takes up the rubber stopper, followed by putting it down. Next, the tweezers are taken up, clamped, and a weight is put down. This clamping and putting down of a weight is repeated. The tweezers are then put down, and the sequence ends with moving the vernier."
        }
    },
    {
        "dataset": "CSV",
        "class_0": "12.3",
        "label_0": [
            "take up the test tube",
            "take up the wash bottle",
            "squeeze the wash bottle",
            "put down the wash bottle",
            "pour the test tube",
            "take up the test tube brush",
            "push the test tube brush",
            "pull the test tube brush",
            "put down the test tube brush",
            "put down the test tube"
        ],
        "video_0": "12.3/zhangxinyi",
        "class_1": null,
        "video_1": null,
        "QA": {
            "q": "Could you detail the specific actions and their order involving the test tube, wash bottle, and test tube brush as depicted in the video?",
            "a": "The video showcases a sequence that begins with taking up the test tube. Next, the individual takes up the wash bottle, squeezes it, and then puts it down. After this, the test tube is poured. Subsequently, the test tube brush is taken up, pushed, and then pulled. The sequence concludes with putting down the test tube brush and the test tube."
        }
    },
    {
        "dataset": "CSV",
        "class_0": "13.3",
        "label_0": [
            "uncover the alcohol burner",
            "put down the alcohol burner cap",
            "take up the test tube",
            "take up the test tube clamp",
            "clamp the test tube clamp",
            "take up the medicine spoon",
            "scoop with the medicine spoon",
            "pour the medicine spoon",
            "put down the medicine spoon",
            "shake the test tube clamp",
            "pour the test tube clamp",
            "put down the test tube clamp"
        ],
        "video_0": "13.3/zhengwenwen",
        "class_1": null,
        "video_1": null,
        "QA": {
            "q": "Can you list and elaborate on the sequential actions demonstrated in the video, particularly focusing on the manipulation and handling of the alcohol burner, test tube, test tube clamp, and medicine spoon?",
            "a": "The video demonstrates a sequence beginning with uncovering the alcohol burner and placing down its cap. This is followed by taking up and then clamping the test tube clamp. The next steps involve taking up the medicine spoon, using it for scooping and pouring, and then putting it down. The sequence continues with shaking the test tube clamp and pouring its contents, and concludes with putting down the test tube clamp."
        }
    },
    {
        "dataset": "CSV",
        "class_0": "14.1",
        "label_0": [
            "take up the wash bottle",
            "squeeze the wash bottle",
            "put down the wash bottle",
            "take up the injector",
            "pull the injector",
            "take up the test tube",
            "push the injector",
            "put down the test tube",
            "put down the injector"
        ],
        "video_0": "14.1/wangjiahao",
        "class_1": null,
        "video_1": null,
        "QA": {
            "q": "In the context of the procedure shown in the video, could you detail the chronological sequence of actions performed with the wash bottle, injector, and test tube?",
            "a": "Within the context of the procedure presented in the video, the sequence starts with taking up the wash bottle, squeezing it, and putting it down. The individual then takes up the injector and pulls it, followed by taking up the test tube and pushing the injector. The sequence concludes with putting down the test tube and then the injector."
        }
    },
    {
        "dataset": "CSV",
        "class_0": "15.3",
        "label_0": [
            "uncover the alcohol burner",
            "put down the alcohol burner cap",
            "move the alcohol burner",
            "take up the mortar",
            "take up the medicine spoon",
            "scoop with the medicine spoon",
            "pour the medicine spoon",
            "put down the medicine spoon",
            "take up the pestle",
            "stir the pestle",
            "put dow the mortar",
            "put down the pestle"
        ],
        "video_0": "15.3/zhangxinyi",
        "class_1": null,
        "video_1": null,
        "QA": {
            "q": "Can you list and elaborate on the sequential actions demonstrated in the video, particularly focusing on the manipulation and handling of the alcohol burner, mortar, and medicine spoon?",
            "a": "The video demonstrates a sequence beginning with uncovering the alcohol burner and placing its cap down. The alcohol burner is then moved. Next, the mortar is taken up, followed by scooping and pouring with the medicine spoon. The spoon is subsequently put down. Then, the pestle is taken up for stirring in the mortar. The sequence concludes with putting down both the mortar and the pestle."
        }
    }
]