[
    {
        "label": "7.1",
        "videos": [
            {
                "video_0": "7.1/fanzhongbo",
                "video_1": null,
                "QA": {
                    "q": "Once the student clamped the crucible using the tong, did they promptly seal it using the crucible cap?",
                    "a": "No, post clamping the crucible with the tong, the student undertook other activities before eventually covering the crucible with its cap."
                }
            },
            {
                "video_0": "7.1/fengguanru",
                "video_1": null,
                "QA": {
                    "q": "In the preparation phase, did the researcher ensure to take up the crucible tong before utilizing it to clamp the crucible?",
                    "a": "Yes, demonstrating attention to detail, the researcher took up the crucible tong, which they later used to securely clamp the crucible during the experiment."
                }
            },
            {
                "video_0": "7.1/sunkai",
                "video_1": null,
                "QA": {
                    "q": "In the depicted sequence, did the instructor take up the crucible first and then use the tong to clamp it?",
                    "a": "No, in the provided sequence, the instructor first used the crucible tong to clamp the crucible and then performed other activities. They did not take up the crucible before clamping."
                }
            },
            {
                "video_0": "7.1/weiyutong",
                "video_1": null,
                "QA": {
                    "q": "Prior to sealing the crucible with its respective cap, did the chemist first pick up the crucible cap?",
                    "a": "Yes, in a structured manner, the chemist first took up the crucible cap and, subsequently, used it to cover the crucible, ensuring the contents within remain undisturbed."
                }
            },
            {
                "video_0": "7.1/xulinjie",
                "video_1": null,
                "QA": {
                    "q": "In the depicted sequence, did the instructor take up the crucible first and then use the tong to clamp it?",
                    "a": "No, in the provided sequence, the instructor first used the crucible tong to clamp the crucible and then performed other activities. They did not take up the crucible before clamping."
                }
            },
            {
                "video_0": "7.1/zhaochenglong",
                "video_1": null,
                "QA": {
                    "q": "Once the student clamped the crucible using the tong, did they promptly seal it using the crucible cap?",
                    "a": "No, post clamping the crucible with the tong, the student undertook other activities before eventually covering the crucible with its cap."
                }
            },
            {
                "video_0": "7.1/zhaowenlei",
                "video_1": null,
                "QA": {
                    "q": "In the chronological events of the video, did the chemist first uncover the crucible and without delay proceed to reposition the alcohol burner?",
                    "a": "No, after uncovering the crucible, the chemist had several intermediate steps before moving the alcohol burner."
                }
            },
            {
                "video_0": "7.1/zhiyihao",
                "video_1": null,
                "QA": {
                    "q": "In the preparation phase, did the researcher ensure to take up the crucible tong before utilizing it to clamp the crucible?",
                    "a": "Yes, demonstrating attention to detail, the researcher took up the crucible tong, which they later used to securely clamp the crucible during the experiment."
                }
            },
            {
                "video_0": "7.1/baiyinghao",
                "video_1": null,
                "QA": {
                    "q": "Prior to sealing the crucible with its respective cap, did the chemist first pick up the crucible cap?",
                    "a": "Yes, in a structured manner, the chemist first took up the crucible cap and, subsequently, used it to cover the crucible, ensuring the contents within remain undisturbed."
                }
            },
            {
                "video_0": "7.1/fengdandan",
                "video_1": null,
                "QA": {
                    "q": "In the chronological events of the video, did the chemist first uncover the crucible and without delay proceed to reposition the alcohol burner?",
                    "a": "No, after uncovering the crucible, the chemist had several intermediate steps before moving the alcohol burner."
                }
            },
            {
                "video_0": "7.1/gehaoyi",
                "video_1": null,
                "QA": {
                    "q": "In the scene, did the student utilize the crucible tong to firmly clamp and handle the crucible?",
                    "a": "Yes, in the footage, the student, ensuring safety, took the crucible tong and used it to securely clamp the crucible, showing the importance of using the right tools in a lab environment."
                }
            },
            {
                "video_0": "7.1/huangbinbin",
                "video_1": null,
                "QA": {
                    "q": "Once the student clamped the crucible using the tong, did they promptly seal it using the crucible cap?",
                    "a": "No, post clamping the crucible with the tong, the student undertook other activities before eventually covering the crucible with its cap."
                }
            },
            {
                "video_0": "7.1/licheng",
                "video_1": null,
                "QA": {
                    "q": "In the sequence of events, did the lab assistant ensure the crucible was set down prior to repositioning the alcohol burner?",
                    "a": "Yes, the lab assistant showed methodical precision by first setting down the crucible and then proceeded to move the alcohol burner, possibly for the next steps of the experiment."
                }
            },
            {
                "video_0": "7.1/liumin",
                "video_1": null,
                "QA": {
                    "q": "In the sequence of events, did the lab assistant ensure the crucible was set down prior to repositioning the alcohol burner?",
                    "a": "Yes, the lab assistant showed methodical precision by first setting down the crucible and then proceeded to move the alcohol burner, possibly for the next steps of the experiment."
                }
            },
            {
                "video_0": "7.1/mengwei",
                "video_1": null,
                "QA": {
                    "q": "In the scene, did the student utilize the crucible tong to firmly clamp and handle the crucible?",
                    "a": "Yes, in the footage, the student, ensuring safety, took the crucible tong and used it to securely clamp the crucible, showing the importance of using the right tools in a lab environment."
                }
            },
            {
                "video_0": "7.1/taoxinchen",
                "video_1": null,
                "QA": {
                    "q": "In the video, as the researcher prepared for the experiment, did they first uncover the crucible and then proceed to take it up?",
                    "a": "Yes, in the video, the researcher meticulously uncovered the crucible as a part of their preparation. Subsequently, they took up the crucible, possibly to inspect or to place it in a specific location."
                }
            },
            {
                "video_0": "7.1/wangyang",
                "video_1": null,
                "QA": {
                    "q": "In the video, as the researcher prepared for the experiment, did they first uncover the crucible and then proceed to take it up?",
                    "a": "Yes, in the video, the researcher meticulously uncovered the crucible as a part of their preparation. Subsequently, they took up the crucible, possibly to inspect or to place it in a specific location."
                }
            },
            {
                "video_0": "7.1/zhangfan",
                "video_1": null,
                "QA": {
                    "q": "Prior to sealing the crucible with its respective cap, did the chemist first pick up the crucible cap?",
                    "a": "Yes, in a structured manner, the chemist first took up the crucible cap and, subsequently, used it to cover the crucible, ensuring the contents within remain undisturbed."
                }
            },
            {
                "video_0": "7.1/zhuyuewei",
                "video_1": null,
                "QA": {
                    "q": "Post setting the crucible down, did the student without any delay pick up the crucible cap?",
                    "a": "No, after placing the crucible down, the student engaged in other activities before eventually taking up the crucible cap."
                }
            },
            {
                "video_0": "7.1/zouzhicheng",
                "video_1": null,
                "QA": {
                    "q": "After the lab assistant carefully set the crucible down, did they then move the alcohol burner to a different location?",
                    "a": "Yes, following the careful placement of the crucible, the lab assistant shifted the alcohol burner. This might be to ensure a safe distance or for another step in their procedure."
                }
            }
        ]
    },
    {
        "label": "8.2",
        "videos": [
            {
                "video_0": "8.2/fengguanru",
                "video_1": null,
                "QA": {
                    "q": "In a video demonstrating a complex chemical reaction, there's a meticulous sequence of actions followed by the researcher. Pondering on this, a viewer inquires: Post the tearing of the test paper, did the researcher instantly pick up the tweezer?",
                    "a": "No, the video annotations suggest that after tearing the test paper, the researcher did not immediately pick up the tweezer. Instead, there were other intermediate steps before the tweezer came into play, highlighting the careful procedure followed."
                }
            },
            {
                "video_0": "8.2/huangbinbin",
                "video_1": null,
                "QA": {
                    "q": "Amidst the structured setup of a chemistry lab, where every action is driven by purpose, a chemist is seen interacting with various tools. Post the action of clamping the tweezer, is it accurate to state that the chemist put down the test paper as the next step?",
                    "a": "Yes, from the video's annotations, it's evident that after the action of clamping the tweezer, the chemist proceeded to put down the test paper. This sequence reflects the logical progression of the experiment and the organized manner in which the chemist operates."
                }
            },
            {
                "video_0": "8.2/liumin",
                "video_1": null,
                "QA": {
                    "q": "A group of students are reviewing the video to grasp the intricacies of the experiment. They debate on the sequence of events. One of them inquires: Did the student, eager to move to the next step, take up the tweezer before setting aside the test paper?",
                    "a": "No, based on the annotations from the video, the student exhibited patience and order in their approach. They first put down the test paper before picking up the tweezer, ensuring each action was completed before moving on to the next."
                }
            },
            {
                "video_0": "8.2/sunkai",
                "video_1": null,
                "QA": {
                    "q": "Amidst the structured setup of a chemistry lab, where every action is driven by purpose, a chemist is seen interacting with various tools. Post the action of clamping the tweezer, is it accurate to state that the chemist put down the test paper as the next step?",
                    "a": "Yes, from the video's annotations, it's evident that after the action of clamping the tweezer, the chemist proceeded to put down the test paper. This sequence reflects the logical progression of the experiment and the organized manner in which the chemist operates."
                }
            },
            {
                "video_0": "8.2/weiyutong",
                "video_1": null,
                "QA": {
                    "q": "In a practical chemistry class, a student keen on understanding the sequence jots down notes while watching the video. He asks: Once the tweezer was picked up, was the following action pointing the glass rod to the evaporating dish?",
                    "a": "No, according to the annotations from the video, after picking up the tweezer, the subsequent action wasn't directing the glass rod towards the evaporating dish. This highlights the importance of keen observation to understand the order of operations in the experiment."
                }
            },
            {
                "video_0": "8.2/zhaochenglong",
                "video_1": null,
                "QA": {
                    "q": "A chemistry student keenly observes the video, trying to replicate the experiment demonstrated. The student wonders: After taking up the glass rod, did the instructor first point it towards an evaporating dish and subsequently towards the test paper?",
                    "a": "Absolutely, the video annotations clearly showcase that after the glass rod was taken up, it was initially directed towards the evaporating dish. Following that, the instructor pointed it at the test paper. This sequence of actions is critical in understanding the flow of the experiment and the interplay of materials used."
                }
            },
            {
                "video_0": "8.2/baiyinghao",
                "video_1": null,
                "QA": {
                    "q": "In a practical chemistry class, a student keen on understanding the sequence jots down notes while watching the video. He asks: Once the tweezer was picked up, was the following action pointing the glass rod to the evaporating dish?",
                    "a": "No, according to the annotations from the video, after picking up the tweezer, the subsequent action wasn't directing the glass rod towards the evaporating dish. This highlights the importance of keen observation to understand the order of operations in the experiment."
                }
            },
            {
                "video_0": "8.2/fanzhongbo",
                "video_1": null,
                "QA": {
                    "q": "A chemistry student keenly observes the video, trying to replicate the experiment demonstrated. The student wonders: After taking up the glass rod, did the instructor first point it towards an evaporating dish and subsequently towards the test paper?",
                    "a": "Absolutely, the video annotations clearly showcase that after the glass rod was taken up, it was initially directed towards the evaporating dish. Following that, the instructor pointed it at the test paper. This sequence of actions is critical in understanding the flow of the experiment and the interplay of materials used."
                }
            },
            {
                "video_0": "8.2/fengdandan",
                "video_1": null,
                "QA": {
                    "q": "A group of students are reviewing the video to grasp the intricacies of the experiment. They debate on the sequence of events. One of them inquires: Did the student, eager to move to the next step, take up the tweezer before setting aside the test paper?",
                    "a": "No, based on the annotations from the video, the student exhibited patience and order in their approach. They first put down the test paper before picking up the tweezer, ensuring each action was completed before moving on to the next."
                }
            },
            {
                "video_0": "8.2/gehaoyi",
                "video_1": null,
                "QA": {
                    "q": "A chemistry enthusiast, keen on replicating the experiment, focuses on the repetition of actions in the video. He wonders: In the progression of the experiment, was there a moment where the test paper was set down twice in a row?",
                    "a": "Yes, as described in the video annotations, there was indeed a sequence where the test paper was put down twice consecutively. This repetitive action might signify a specific step or checkpoint in the experimental process, ensuring accuracy."
                }
            },
            {
                "video_0": "8.2/licheng",
                "video_1": null,
                "QA": {
                    "q": "Amidst the structured setup of a chemistry lab, where every action is driven by purpose, a chemist is seen interacting with various tools. Post the action of clamping the tweezer, is it accurate to state that the chemist put down the test paper as the next step?",
                    "a": "Yes, from the video's annotations, it's evident that after the action of clamping the tweezer, the chemist proceeded to put down the test paper. This sequence reflects the logical progression of the experiment and the organized manner in which the chemist operates."
                }
            },
            {
                "video_0": "8.2/mengwei",
                "video_1": null,
                "QA": {
                    "q": "In the analytical setting of a research lab, sequences are pivotal. A student, trying to understand the chronology, asks: After the glass rod was directed at the test paper, was that when the test paper was torn?",
                    "a": "No, as per the video's annotations, the tearing of the test paper happened before the glass rod was pointed towards it. The student's understanding of this sequence is essential to grasp the flow of the experiment."
                }
            },
            {
                "video_0": "8.2/taoxinchen",
                "video_1": null,
                "QA": {
                    "q": "Amidst the structured setup of a chemistry lab, where every action is driven by purpose, a chemist is seen interacting with various tools. Post the action of clamping the tweezer, is it accurate to state that the chemist put down the test paper as the next step?",
                    "a": "Yes, from the video's annotations, it's evident that after the action of clamping the tweezer, the chemist proceeded to put down the test paper. This sequence reflects the logical progression of the experiment and the organized manner in which the chemist operates."
                }
            },
            {
                "video_0": "8.2/wangyang",
                "video_1": null,
                "QA": {
                    "q": "A chemistry instructor reviews the video to ensure the correct steps are taught to the students. She questions: Once the test paper was set aside, was the immediate subsequent action that of picking up the glass rod?",
                    "a": "No, the video annotations indicate that after putting down the test paper, the immediate next action wasn't picking up the glass rod. There were other steps in between, emphasizing the layered and systematic approach of the experiment."
                }
            },
            {
                "video_0": "8.2/xulinjie",
                "video_1": null,
                "QA": {
                    "q": "A chemistry enthusiast, keen on replicating the experiment, focuses on the repetition of actions in the video. He wonders: In the progression of the experiment, was there a moment where the test paper was set down twice in a row?",
                    "a": "Yes, as described in the video annotations, there was indeed a sequence where the test paper was put down twice consecutively. This repetitive action might signify a specific step or checkpoint in the experimental process, ensuring accuracy."
                }
            },
            {
                "video_0": "8.2/zhangfan",
                "video_1": null,
                "QA": {
                    "q": "In the meticulous environment of a research facility, where accuracy and precision are paramount, the actions of every researcher play a crucial role in ensuring the success of the experiment. Following this, did the researcher, after completing the interaction with the test paper, set it down and promptly pick up a tweezer?",
                    "a": "Yes, in the detailed video annotations, after interacting with the test paper, the researcher responsibly placed it down and then proceeded to pick up a tweezer. This transition of tools suggests the upcoming steps in the experimental procedure that demand different instruments."
                }
            },
            {
                "video_0": "8.2/zhaowenlei",
                "video_1": null,
                "QA": {
                    "q": "A group of students are reviewing the video to grasp the intricacies of the experiment. They debate on the sequence of events. One of them inquires: Did the student, eager to move to the next step, take up the tweezer before setting aside the test paper?",
                    "a": "No, based on the annotations from the video, the student exhibited patience and order in their approach. They first put down the test paper before picking up the tweezer, ensuring each action was completed before moving on to the next."
                }
            },
            {
                "video_0": "8.2/zhiyihao",
                "video_1": null,
                "QA": {
                    "q": "In the meticulous environment of a research facility, where accuracy and precision are paramount, the actions of every researcher play a crucial role in ensuring the success of the experiment. Following this, did the researcher, after completing the interaction with the test paper, set it down and promptly pick up a tweezer?",
                    "a": "Yes, in the detailed video annotations, after interacting with the test paper, the researcher responsibly placed it down and then proceeded to pick up a tweezer. This transition of tools suggests the upcoming steps in the experimental procedure that demand different instruments."
                }
            },
            {
                "video_0": "8.2/zhuyuewei",
                "video_1": null,
                "QA": {
                    "q": "A chemistry instructor reviews the video to ensure the correct steps are taught to the students. She questions: Once the test paper was set aside, was the immediate subsequent action that of picking up the glass rod?",
                    "a": "No, the video annotations indicate that after putting down the test paper, the immediate next action wasn't picking up the glass rod. There were other steps in between, emphasizing the layered and systematic approach of the experiment."
                }
            },
            {
                "video_0": "8.2/zouzhicheng",
                "video_1": null,
                "QA": {
                    "q": "A chemistry student keenly observes the video, trying to replicate the experiment demonstrated. The student wonders: After taking up the glass rod, did the instructor first point it towards an evaporating dish and subsequently towards the test paper?",
                    "a": "Absolutely, the video annotations clearly showcase that after the glass rod was taken up, it was initially directed towards the evaporating dish. Following that, the instructor pointed it at the test paper. This sequence of actions is critical in understanding the flow of the experiment and the interplay of materials used."
                }
            }
        ]
    },
    {
        "label": "9.1",
        "videos": [
            {
                "video_0": "9.1/baiyinghao",
                "video_1": null,
                "QA": {
                    "q": "An instructor, while demonstrating a technique, picked up a filter paper. Following this, did they proceed to fold it for the next step?",
                    "a": "Indeed, after picking up the filter paper, the instructor moved to fold it as a subsequent step."
                }
            },
            {
                "video_0": "9.1/fengdandan",
                "video_1": null,
                "QA": {
                    "q": "During the preparation phase, the lab assistant was seen arranging various tools. After placing the glass funnel down, was the subsequent move to pick up a filter paper?",
                    "a": "Indeed, post placing down the glass funnel, the lab assistant's next move was to take up the filter paper."
                }
            },
            {
                "video_0": "9.1/fengguanru",
                "video_1": null,
                "QA": {
                    "q": "In a methodical order, a researcher was seen using multiple apparatus. Initially, they took a beaker. Was the iron ring the next item they interacted with?",
                    "a": "Yes, the researcher first took up the beaker, followed by taking up the iron ring in the sequence."
                }
            },
            {
                "video_0": "9.1/gehaoyi",
                "video_1": null,
                "QA": {
                    "q": "Upon preparing for a filtration process, the chemist folded a piece of filter paper. After this specific action, did they set it aside by placing it down?",
                    "a": "Correct, after the chemist folded the filter paper, their next action was to put it down."
                }
            },
            {
                "video_0": "9.1/huangbinbin",
                "video_1": null,
                "QA": {
                    "q": "As the lab assistant progressed with their task, they were seen securing the iron ring. After this action, did they then proceed to pick up a glass funnel?",
                    "a": "Yes, post screwing the iron ring, the lab assistant's next move was to take up the glass funnel."
                }
            },
            {
                "video_0": "9.1/licheng",
                "video_1": null,
                "QA": {
                    "q": "While setting up an apparatus, the student took a beaker into their hands. Was their subsequent move to screw an iron ring?",
                    "a": "No, after taking up the beaker, the student's next action was to put the beaker down, not to screw the iron ring."
                }
            },
            {
                "video_0": "9.1/liumin",
                "video_1": null,
                "QA": {
                    "q": "During the sequence, the researcher was seen handling various lab equipment. Was the beaker picked up prior to the researcher handling the iron ring?",
                    "a": "Yes, in the sequence, the researcher first took up the beaker before moving on to take the iron ring."
                }
            },
            {
                "video_0": "9.1/mengwei",
                "video_1": null,
                "QA": {
                    "q": "As the lab assistant progressed with their task, they were seen securing the iron ring. After this action, did they then proceed to pick up a glass funnel?",
                    "a": "Yes, post screwing the iron ring, the lab assistant's next move was to take up the glass funnel."
                }
            },
            {
                "video_0": "9.1/sunkai",
                "video_1": null,
                "QA": {
                    "q": "During the preparation phase, the lab assistant was seen arranging various tools. After placing the glass funnel down, was the subsequent move to pick up a filter paper?",
                    "a": "Indeed, post placing down the glass funnel, the lab assistant's next move was to take up the filter paper."
                }
            },
            {
                "video_0": "9.1/taoxinchen",
                "video_1": null,
                "QA": {
                    "q": "While setting up an apparatus, the student took a beaker into their hands. Was their subsequent move to screw an iron ring?",
                    "a": "No, after taking up the beaker, the student's next action was to put the beaker down, not to screw the iron ring."
                }
            },
            {
                "video_0": "9.1/wangyang",
                "video_1": null,
                "QA": {
                    "q": "In a methodical order, a researcher was seen using multiple apparatus. Initially, they took a beaker. Was the iron ring the next item they interacted with?",
                    "a": "Yes, the researcher first took up the beaker, followed by taking up the iron ring in the sequence."
                }
            },
            {
                "video_0": "9.1/weiyutong",
                "video_1": null,
                "QA": {
                    "q": "In a methodical order, a researcher was seen using multiple apparatus. Initially, they took a beaker. Was the iron ring the next item they interacted with?",
                    "a": "Yes, the researcher first took up the beaker, followed by taking up the iron ring in the sequence."
                }
            },
            {
                "video_0": "9.1/zhangfan",
                "video_1": null,
                "QA": {
                    "q": "While setting up an apparatus, the student took a beaker into their hands. Was their subsequent move to screw an iron ring?",
                    "a": "No, after taking up the beaker, the student's next action was to put the beaker down, not to screw the iron ring."
                }
            },
            {
                "video_0": "9.1/zhaowenlei",
                "video_1": null,
                "QA": {
                    "q": "As the lab assistant progressed with their task, they were seen securing the iron ring. After this action, did they then proceed to pick up a glass funnel?",
                    "a": "Yes, post screwing the iron ring, the lab assistant's next move was to take up the glass funnel."
                }
            },
            {
                "video_0": "9.1/zouzhicheng",
                "video_1": null,
                "QA": {
                    "q": "Upon preparing for a filtration process, the chemist folded a piece of filter paper. After this specific action, did they set it aside by placing it down?",
                    "a": "Correct, after the chemist folded the filter paper, their next action was to put it down."
                }
            },
            {
                "video_0": "9.1/fanzhongbo",
                "video_1": null,
                "QA": {
                    "q": "In the midst of the experiment, a chemist reached for certain equipment. Upon taking the iron ring, was the subsequent action fastening it securely?",
                    "a": "Yes, after the chemist took up the iron ring, the following action was to screw it in place."
                }
            },
            {
                "video_0": "9.1/xulinjie",
                "video_1": null,
                "QA": {
                    "q": "As the lab assistant progressed with their task, they were seen securing the iron ring. After this action, did they then proceed to pick up a glass funnel?",
                    "a": "Yes, post screwing the iron ring, the lab assistant's next move was to take up the glass funnel."
                }
            },
            {
                "video_0": "9.1/zhaochenglong",
                "video_1": null,
                "QA": {
                    "q": "While observing the sequence, a student seemed to be handling a glass funnel. After taking it into their hand, was their immediate response to put it back?",
                    "a": "Correct, after the student took up the glass funnel, they placed it down right after."
                }
            },
            {
                "video_0": "9.1/zhiyihao",
                "video_1": null,
                "QA": {
                    "q": "During the sequence, the researcher was seen handling various lab equipment. Was the beaker picked up prior to the researcher handling the iron ring?",
                    "a": "Yes, in the sequence, the researcher first took up the beaker before moving on to take the iron ring."
                }
            },
            {
                "video_0": "9.1/zhuyuewei",
                "video_1": null,
                "QA": {
                    "q": "Upon preparing for a filtration process, the chemist folded a piece of filter paper. After this specific action, did they set it aside by placing it down?",
                    "a": "Correct, after the chemist folded the filter paper, their next action was to put it down."
                }
            }
        ]
    },
    {
        "label": "10.2",
        "videos": [
            {
                "video_0": "10.2/fanzhongbo",
                "video_1": null,
                "QA": {
                    "q": "Observing the instructor's methodical approach, upon taking the separating funnel, did they place it back down without any intermediate action?",
                    "a": "Yes, post picking up the separating funnel, the instructor's next move was directly to put it down."
                }
            },
            {
                "video_0": "10.2/licheng",
                "video_1": null,
                "QA": {
                    "q": "While the student was conducting the experiment, after screwing the iron ring securely, did they reach out for the separating funnel?",
                    "a": "Yes, the student took up the separating funnel right after screwing the iron ring."
                }
            },
            {
                "video_0": "10.2/weiyutong",
                "video_1": null,
                "QA": {
                    "q": "As the researcher progressed in the sequence, after pouring the content of the conical flask, was the following action setting it down?",
                    "a": "Yes, following the action of pouring, the researcher put down the conical flask."
                }
            },
            {
                "video_0": "10.2/xulinjie",
                "video_1": null,
                "QA": {
                    "q": "While the student was conducting the experiment, after screwing the iron ring securely, did they reach out for the separating funnel?",
                    "a": "Yes, the student took up the separating funnel right after screwing the iron ring."
                }
            },
            {
                "video_0": "10.2/zhaochenglong",
                "video_1": null,
                "QA": {
                    "q": "Following the steps of the procedure, after the lab assistant set down the conical flask, was their subsequent action inserting the upper piston?",
                    "a": "Yes, right after putting down the conical flask, the lab assistant went ahead to insert the upper piston."
                }
            },
            {
                "video_0": "10.2/zhiyihao",
                "video_1": null,
                "QA": {
                    "q": "Following the steps of the procedure, after the lab assistant set down the conical flask, was their subsequent action inserting the upper piston?",
                    "a": "Yes, right after putting down the conical flask, the lab assistant went ahead to insert the upper piston."
                }
            },
            {
                "video_0": "10.2/zhuyuewei",
                "video_1": null,
                "QA": {
                    "q": "While the student was conducting the experiment, after screwing the iron ring securely, did they reach out for the separating funnel?",
                    "a": "Yes, the student took up the separating funnel right after screwing the iron ring."
                }
            },
            {
                "video_0": "10.2/zouzhicheng",
                "video_1": null,
                "QA": {
                    "q": "While setting up, once the student took the iron ring, did they then directly move to screw the lower piston?",
                    "a": "No, after taking up the iron ring, the student's subsequent action was to screw the iron ring, not the lower piston."
                }
            },
            {
                "video_0": "10.2/baiyinghao",
                "video_1": null,
                "QA": {
                    "q": "Observing the instructor's methodical approach, upon taking the separating funnel, did they place it back down without any intermediate action?",
                    "a": "Yes, post picking up the separating funnel, the instructor's next move was directly to put it down."
                }
            },
            {
                "video_0": "10.2/fengdandan",
                "video_1": null,
                "QA": {
                    "q": "As the researcher progressed in the sequence, after pouring the content of the conical flask, was the following action setting it down?",
                    "a": "Yes, following the action of pouring, the researcher put down the conical flask."
                }
            },
            {
                "video_0": "10.2/fengguanru",
                "video_1": null,
                "QA": {
                    "q": "While the student was conducting the experiment, after screwing the iron ring securely, did they reach out for the separating funnel?",
                    "a": "Yes, the student took up the separating funnel right after screwing the iron ring."
                }
            },
            {
                "video_0": "10.2/gehaoyi",
                "video_1": null,
                "QA": {
                    "q": "Reviewing the sequence, can you confirm that the lab assistant, after taking the conical flask, poured its contents and subsequently set it down?",
                    "a": "Yes, in the described sequence, post taking up the conical flask, the lab assistant poured its content and then placed it down."
                }
            },
            {
                "video_0": "10.2/huangbinbin",
                "video_1": null,
                "QA": {
                    "q": "In the sequence, after the chemist took the conical flask, did they subsequently reach for the separating funnel?",
                    "a": "No, after taking up the conical flask, the chemist didn't immediately take the separating funnel. Instead, they proceeded to pour the flask."
                }
            },
            {
                "video_0": "10.2/liumin",
                "video_1": null,
                "QA": {
                    "q": "While the student was conducting the experiment, after screwing the iron ring securely, did they reach out for the separating funnel?",
                    "a": "Yes, the student took up the separating funnel right after screwing the iron ring."
                }
            },
            {
                "video_0": "10.2/mengwei",
                "video_1": null,
                "QA": {
                    "q": "While the student was conducting the experiment, after screwing the iron ring securely, did they reach out for the separating funnel?",
                    "a": "Yes, the student took up the separating funnel right after screwing the iron ring."
                }
            },
            {
                "video_0": "10.2/sunkai",
                "video_1": null,
                "QA": {
                    "q": "As the researcher progressed in the sequence, after pouring the content of the conical flask, was the following action setting it down?",
                    "a": "Yes, following the action of pouring, the researcher put down the conical flask."
                }
            },
            {
                "video_0": "10.2/taoxinchen",
                "video_1": null,
                "QA": {
                    "q": "Reviewing the sequence, can you confirm that the lab assistant, after taking the conical flask, poured its contents and subsequently set it down?",
                    "a": "Yes, in the described sequence, post taking up the conical flask, the lab assistant poured its content and then placed it down."
                }
            },
            {
                "video_0": "10.2/wangyang",
                "video_1": null,
                "QA": {
                    "q": "While setting up, once the student took the iron ring, did they then directly move to screw the lower piston?",
                    "a": "No, after taking up the iron ring, the student's subsequent action was to screw the iron ring, not the lower piston."
                }
            },
            {
                "video_0": "10.2/zhangfan",
                "video_1": null,
                "QA": {
                    "q": "While the student was conducting the experiment, after screwing the iron ring securely, did they reach out for the separating funnel?",
                    "a": "Yes, the student took up the separating funnel right after screwing the iron ring."
                }
            },
            {
                "video_0": "10.2/zhaowenlei",
                "video_1": null,
                "QA": {
                    "q": "As the researcher progressed in the sequence, after pouring the content of the conical flask, was the following action setting it down?",
                    "a": "Yes, following the action of pouring, the researcher put down the conical flask."
                }
            }
        ]
    },
    {
        "label": "11.5",
        "videos": [
            {
                "video_0": "11.5/chenzheng",
                "video_1": null,
                "QA": {
                    "q": "After a series of intricate steps in the lab, the lab assistant seems to be nearing the completion of a procedure. Upon placing the tweezer in its rightful spot, does the assistant then interact with the vernier?",
                    "a": "Exactly right, the video captures the lab assistant's methodical actions. Soon after ensuring the tweezer was safely placed, they proceeded to adjust or move the vernier, signaling the continuation or potential conclusion of the procedure."
                }
            },
            {
                "video_0": "11.5/fanli",
                "video_1": null,
                "QA": {
                    "q": "Visualize a lab setting where each action has a purpose. In the sequence, is it observed that the researcher took the action of lifting or taking up the rubber stopper before subsequently placing it down?",
                    "a": "Absolutely, the sequence clearly depicts the researcher first taking up the rubber stopper. This action was naturally followed by placing it down, reinforcing the logical progression of tasks within the procedure."
                }
            },
            {
                "video_0": "11.5/lijialun",
                "video_1": null,
                "QA": {
                    "q": "After a series of intricate steps in the lab, the lab assistant seems to be nearing the completion of a procedure. Upon placing the tweezer in its rightful spot, does the assistant then interact with the vernier?",
                    "a": "Exactly right, the video captures the lab assistant's methodical actions. Soon after ensuring the tweezer was safely placed, they proceeded to adjust or move the vernier, signaling the continuation or potential conclusion of the procedure."
                }
            },
            {
                "video_0": "11.5/liulihao",
                "video_1": null,
                "QA": {
                    "q": "In a hands-on practical class, a student is observed meticulously following steps. Having picked up a tweezer, does the student ensure its proper use by clamping it prior to setting down a certain weight?",
                    "a": "Yes, the student, with a keen focus, after picking the tweezer, proceeded to clamp it. This action was immediately followed by setting down a weight, showcasing the student's understanding of the sequential tasks at hand."
                }
            },
            {
                "video_0": "11.5/qusiqi",
                "video_1": null,
                "QA": {
                    "q": "Visualize a lab setting where each action has a purpose. In the sequence, is it observed that the researcher took the action of lifting or taking up the rubber stopper before subsequently placing it down?",
                    "a": "Absolutely, the sequence clearly depicts the researcher first taking up the rubber stopper. This action was naturally followed by placing it down, reinforcing the logical progression of tasks within the procedure."
                }
            },
            {
                "video_0": "11.5/sunfengyu",
                "video_1": null,
                "QA": {
                    "q": "In the initial stages of the procedure captured in the video, a certain action with the knob is observed. Is it correct to say the knob was securely fastened or screwed before the action of picking up the rubber stopper commenced?",
                    "a": "Indeed, the beginning of the video showcases the careful action of screwing or adjusting the knob. This action was promptly followed by the picking up of the rubber stopper, indicating a specific order to the procedure."
                }
            },
            {
                "video_0": "11.5/tanshitao",
                "video_1": null,
                "QA": {
                    "q": "Picture this: a precise operation is underway in a high-tech lab. A researcher, after setting aside a rubber stopper, needs a more delicate tool for the next step. Would it be correct to say they reached for a tweezer immediately after?",
                    "a": "Absolutely, in a fluid motion, having placed the rubber stopper safely aside, the researcher instinctively grabbed the tweezer, indicating familiarity with the procedure and the need for precision."
                }
            },
            {
                "video_0": "11.5/wangjiahao",
                "video_1": null,
                "QA": {
                    "q": "In a teaching demonstration, the instructor emphasizes the importance of specific steps. Post the action of clamping the tweezer for the first instance, does the instructor set an example by putting a weight down?",
                    "a": "Spot on, after demonstrating the correct way to clamp the tweezer, the instructor proceeded to put a weight down. This served as a model sequence for students or observers to understand and replicate."
                }
            },
            {
                "video_0": "11.5/daiqiyuan",
                "video_1": null,
                "QA": {
                    "q": "In the span of the video, we observe repeated motions with certain tools. Was the action of clamping the tweezer executed twice by the lab assistant during the observed sequence?",
                    "a": "Indeed, throughout the captured sequence, the lab assistant showcased the action of clamping the tweezer not just once but twice. This repetition might hint at the importance or necessity of this specific action in the overall process."
                }
            },
            {
                "video_0": "11.5/danghaoran",
                "video_1": null,
                "QA": {
                    "q": "Amidst a chemical experiment, a chemist is seen handling various tools. Following the second instance of clamping the tweezer, did the chemist then proceed to set a weight down?",
                    "a": "True to observation, after the chemist clamped the tweezer for the second time, without hesitation, they proceeded to put down the weight. This particular sequence of actions underscores the importance of following certain steps in order."
                }
            },
            {
                "video_0": "11.5/gaozitang",
                "video_1": null,
                "QA": {
                    "q": "Visualize a lab setting where each action has a purpose. In the sequence, is it observed that the researcher took the action of lifting or taking up the rubber stopper before subsequently placing it down?",
                    "a": "Absolutely, the sequence clearly depicts the researcher first taking up the rubber stopper. This action was naturally followed by placing it down, reinforcing the logical progression of tasks within the procedure."
                }
            },
            {
                "video_0": "11.5/hexincan",
                "video_1": null,
                "QA": {
                    "q": "In a teaching demonstration, the instructor emphasizes the importance of specific steps. Post the action of clamping the tweezer for the first instance, does the instructor set an example by putting a weight down?",
                    "a": "Spot on, after demonstrating the correct way to clamp the tweezer, the instructor proceeded to put a weight down. This served as a model sequence for students or observers to understand and replicate."
                }
            },
            {
                "video_0": "11.5/huangwenhao",
                "video_1": null,
                "QA": {
                    "q": "In a meticulously organized laboratory, with numerous tools and equipment laid out, the lab assistant is seen working diligently. Having just adjusted a certain piece of equipment, did they immediately move to pick up a rubber stopper following the action of screwing the knob?",
                    "a": "Indeed, the lab assistant, after ensuring the knob was securely fastened, swiftly reached out to take up the rubber stopper. It appeared to be a sequential action, possibly indicating a well-practiced procedure or experiment in the lab."
                }
            },
            {
                "video_0": "11.5/lixin",
                "video_1": null,
                "QA": {
                    "q": "Picture this: a precise operation is underway in a high-tech lab. A researcher, after setting aside a rubber stopper, needs a more delicate tool for the next step. Would it be correct to say they reached for a tweezer immediately after?",
                    "a": "Absolutely, in a fluid motion, having placed the rubber stopper safely aside, the researcher instinctively grabbed the tweezer, indicating familiarity with the procedure and the need for precision."
                }
            },
            {
                "video_0": "11.5/shachenran",
                "video_1": null,
                "QA": {
                    "q": "In the span of the video, we observe repeated motions with certain tools. Was the action of clamping the tweezer executed twice by the lab assistant during the observed sequence?",
                    "a": "Indeed, throughout the captured sequence, the lab assistant showcased the action of clamping the tweezer not just once but twice. This repetition might hint at the importance or necessity of this specific action in the overall process."
                }
            },
            {
                "video_0": "11.5/xujiale",
                "video_1": null,
                "QA": {
                    "q": "Amidst a chemical experiment, a chemist is seen handling various tools. Following the second instance of clamping the tweezer, did the chemist then proceed to set a weight down?",
                    "a": "True to observation, after the chemist clamped the tweezer for the second time, without hesitation, they proceeded to put down the weight. This particular sequence of actions underscores the importance of following certain steps in order."
                }
            },
            {
                "video_0": "11.5/yanghan",
                "video_1": null,
                "QA": {
                    "q": "In the initial stages of the procedure captured in the video, a certain action with the knob is observed. Is it correct to say the knob was securely fastened or screwed before the action of picking up the rubber stopper commenced?",
                    "a": "Indeed, the beginning of the video showcases the careful action of screwing or adjusting the knob. This action was promptly followed by the picking up of the rubber stopper, indicating a specific order to the procedure."
                }
            },
            {
                "video_0": "11.5/zhangxinyi",
                "video_1": null,
                "QA": {
                    "q": "Visualize a lab setting where each action has a purpose. In the sequence, is it observed that the researcher took the action of lifting or taking up the rubber stopper before subsequently placing it down?",
                    "a": "Absolutely, the sequence clearly depicts the researcher first taking up the rubber stopper. This action was naturally followed by placing it down, reinforcing the logical progression of tasks within the procedure."
                }
            },
            {
                "video_0": "11.5/zhaoyang",
                "video_1": null,
                "QA": {
                    "q": "Amidst a chemical experiment, a chemist is seen handling various tools. Following the second instance of clamping the tweezer, did the chemist then proceed to set a weight down?",
                    "a": "True to observation, after the chemist clamped the tweezer for the second time, without hesitation, they proceeded to put down the weight. This particular sequence of actions underscores the importance of following certain steps in order."
                }
            },
            {
                "video_0": "11.5/zhengwenwen",
                "video_1": null,
                "QA": {
                    "q": "Imagine a meticulous operation in a lab setting. A researcher handles various tools in a specific order. After setting down a weight, does the video depict the researcher subsequently placing the tweezer down?",
                    "a": "Precisely, after carefully setting the weight down, the researcher, ensuring that each tool had its place, decisively put down the tweezer. This showcases the organized and methodical approach employed during the operation."
                }
            }
        ]
    },
    {
        "label": "12.3",
        "videos": [
            {
                "video_0": "12.3/daiqiyuan",
                "video_1": null,
                "QA": {
                    "q": "In a practical class session, a student is observed picking up a test tube. Post this action, did the student then squeeze the wash bottle, possibly to rinse or clean the test tube?",
                    "a": "Yes, after the student took up the test tube, they proceeded to squeeze the wash bottle, likely to release its contents for rinsing or cleaning purposes."
                }
            },
            {
                "video_0": "12.3/danghaoran",
                "video_1": null,
                "QA": {
                    "q": "While conducting an experiment, the lab assistant has multiple tasks to ensure the process goes smoothly. Did the sequence involve the lab assistant first squeezing the wash bottle to release its contents and later pouring the solution from the test tube?",
                    "a": "Yes, in the illustrated sequence of the video, the lab assistant initially squeezes the wash bottle, and following that action, they pour the contents of the test tube into a receptacle."
                }
            },
            {
                "video_0": "12.3/huangwenhao",
                "video_1": null,
                "QA": {
                    "q": "While conducting an experiment, the lab assistant has multiple tasks to ensure the process goes smoothly. Did the sequence involve the lab assistant first squeezing the wash bottle to release its contents and later pouring the solution from the test tube?",
                    "a": "Yes, in the illustrated sequence of the video, the lab assistant initially squeezes the wash bottle, and following that action, they pour the contents of the test tube into a receptacle."
                }
            },
            {
                "video_0": "12.3/lijialun",
                "video_1": null,
                "QA": {
                    "q": "While conducting an experiment, the lab assistant has multiple tasks to ensure the process goes smoothly. Did the sequence involve the lab assistant first squeezing the wash bottle to release its contents and later pouring the solution from the test tube?",
                    "a": "Yes, in the illustrated sequence of the video, the lab assistant initially squeezes the wash bottle, and following that action, they pour the contents of the test tube into a receptacle."
                }
            },
            {
                "video_0": "12.3/liulihao",
                "video_1": null,
                "QA": {
                    "q": "In an educational setting, a student is learning to clean a test tube using a brush. After pushing the brush inside the test tube, did the student then pull it out as part of the cleaning process?",
                    "a": "Yes, the student, after pushing the test tube brush inside the test tube for cleaning, subsequently pulls it out, ensuring the test tube is thoroughly cleaned."
                }
            },
            {
                "video_0": "12.3/lixin",
                "video_1": null,
                "QA": {
                    "q": "In a meticulous procedure, a researcher is seen handling a wash bottle. After applying pressure and squeezing the bottle to release its contents, did the researcher promptly place the bottle back on the workstation?",
                    "a": "Yes, post the squeezing action, the researcher in the video sequence immediately puts down the wash bottle on the laboratory bench."
                }
            },
            {
                "video_0": "12.3/shachenran",
                "video_1": null,
                "QA": {
                    "q": "In the observed video, a researcher is involved in a series of actions pertaining to an experiment. Post placing the test tube brush down, did the researcher immediately take up the test tube?",
                    "a": "No, after putting down the test tube brush, the researcher did not immediately pick up the test tube. The sequence indicates that they first placed the brush down and subsequently performed other actions before handling the test tube again."
                }
            },
            {
                "video_0": "12.3/wangjiahao",
                "video_1": null,
                "QA": {
                    "q": "In a demonstrative session, an instructor showcases the correct method to handle laboratory apparatus. Following the action where they put down the test tube brush, did they proceed to place the test tube back in its designated position?",
                    "a": "Yes, in the sequence showcased in the video, post placing the test tube brush down, the instructor ensures to put down the test tube in its rightful place on the lab bench."
                }
            },
            {
                "video_0": "12.3/xujiale",
                "video_1": null,
                "QA": {
                    "q": "In a meticulous procedure, a researcher is seen handling a wash bottle. After applying pressure and squeezing the bottle to release its contents, did the researcher promptly place the bottle back on the workstation?",
                    "a": "Yes, post the squeezing action, the researcher in the video sequence immediately puts down the wash bottle on the laboratory bench."
                }
            },
            {
                "video_0": "12.3/yanghan",
                "video_1": null,
                "QA": {
                    "q": "While conducting an experiment, the lab assistant has multiple tasks to ensure the process goes smoothly. Did the sequence involve the lab assistant first squeezing the wash bottle to release its contents and later pouring the solution from the test tube?",
                    "a": "Yes, in the illustrated sequence of the video, the lab assistant initially squeezes the wash bottle, and following that action, they pour the contents of the test tube into a receptacle."
                }
            },
            {
                "video_0": "12.3/zhaoyang",
                "video_1": null,
                "QA": {
                    "q": "In a demonstrative session, an instructor showcases the correct method to handle laboratory apparatus. Following the action where they put down the test tube brush, did they proceed to place the test tube back in its designated position?",
                    "a": "Yes, in the sequence showcased in the video, post placing the test tube brush down, the instructor ensures to put down the test tube in its rightful place on the lab bench."
                }
            },
            {
                "video_0": "12.3/zhengwenwen",
                "video_1": null,
                "QA": {
                    "q": "During a laboratory session, an instructor is seen handling various apparatus. After squeezing the wash bottle, did the instructor immediately pick up the test tube brush?",
                    "a": "No, after squeezing the wash bottle, the instructor does not immediately pick up the test tube brush. The sequence depicts other actions being performed before the test tube brush is handled."
                }
            },
            {
                "video_0": "12.3/chenzheng",
                "video_1": null,
                "QA": {
                    "q": "In a demonstrative session, an instructor showcases the correct method to handle laboratory apparatus. Following the action where they put down the test tube brush, did they proceed to place the test tube back in its designated position?",
                    "a": "Yes, in the sequence showcased in the video, post placing the test tube brush down, the instructor ensures to put down the test tube in its rightful place on the lab bench."
                }
            },
            {
                "video_0": "12.3/fanli",
                "video_1": null,
                "QA": {
                    "q": "In a practical class session, a student is observed picking up a test tube. Post this action, did the student then squeeze the wash bottle, possibly to rinse or clean the test tube?",
                    "a": "Yes, after the student took up the test tube, they proceeded to squeeze the wash bottle, likely to release its contents for rinsing or cleaning purposes."
                }
            },
            {
                "video_0": "12.3/gaozitang",
                "video_1": null,
                "QA": {
                    "q": "In the video, a chemist is conducting a detailed chemical analysis. During this procedure, did the chemist pour the contents of the test tube before taking up the test tube brush for further cleaning or inspection?",
                    "a": "Yes, in the depicted sequence, the chemist first pours out the contents from the test tube and subsequently picks up the test tube brush."
                }
            },
            {
                "video_0": "12.3/hexincan",
                "video_1": null,
                "QA": {
                    "q": "In an educational setting, a student is learning to clean a test tube using a brush. After pushing the brush inside the test tube, did the student then pull it out as part of the cleaning process?",
                    "a": "Yes, the student, after pushing the test tube brush inside the test tube for cleaning, subsequently pulls it out, ensuring the test tube is thoroughly cleaned."
                }
            },
            {
                "video_0": "12.3/qusiqi",
                "video_1": null,
                "QA": {
                    "q": "In a meticulous procedure, a researcher is seen handling a wash bottle. After applying pressure and squeezing the bottle to release its contents, did the researcher promptly place the bottle back on the workstation?",
                    "a": "Yes, post the squeezing action, the researcher in the video sequence immediately puts down the wash bottle on the laboratory bench."
                }
            },
            {
                "video_0": "12.3/sunfengyu",
                "video_1": null,
                "QA": {
                    "q": "In the video, a chemist is conducting a detailed chemical analysis. During this procedure, did the chemist pour the contents of the test tube before taking up the test tube brush for further cleaning or inspection?",
                    "a": "Yes, in the depicted sequence, the chemist first pours out the contents from the test tube and subsequently picks up the test tube brush."
                }
            },
            {
                "video_0": "12.3/tanshitao",
                "video_1": null,
                "QA": {
                    "q": "In a practical class session, a student is observed picking up a test tube. Post this action, did the student then squeeze the wash bottle, possibly to rinse or clean the test tube?",
                    "a": "Yes, after the student took up the test tube, they proceeded to squeeze the wash bottle, likely to release its contents for rinsing or cleaning purposes."
                }
            },
            {
                "video_0": "12.3/zhangxinyi",
                "video_1": null,
                "QA": {
                    "q": "During a laboratory session, an instructor is seen handling various apparatus. After squeezing the wash bottle, did the instructor immediately pick up the test tube brush?",
                    "a": "No, after squeezing the wash bottle, the instructor does not immediately pick up the test tube brush. The sequence depicts other actions being performed before the test tube brush is handled."
                }
            }
        ]
    },
    {
        "label": "13.3",
        "videos": [
            {
                "video_0": "13.3/chenzheng",
                "video_1": null,
                "QA": {
                    "q": "With a clear intent in her eyes, the lab assistant scooped something using a medicine spoon. Did she then pour its contents into a container?",
                    "a": "Yes, after skillfully scooping with the medicine spoon, the lab assistant made sure to pour its contents, showcasing her methodical approach."
                }
            },
            {
                "video_0": "13.3/fanli",
                "video_1": null,
                "QA": {
                    "q": "In demonstrating the procedure to the class, the instructor picked up a test tube. Did she then immediately reach for the test tube clamp?",
                    "a": "Yes, right after picking up the test tube, the instructor swiftly reached for the test tube clamp, showcasing the sequential steps of the procedure."
                }
            },
            {
                "video_0": "13.3/gaozitang",
                "video_1": null,
                "QA": {
                    "q": "In demonstrating the procedure to the class, the instructor picked up a test tube. Did she then immediately reach for the test tube clamp?",
                    "a": "Yes, right after picking up the test tube, the instructor swiftly reached for the test tube clamp, showcasing the sequential steps of the procedure."
                }
            },
            {
                "video_0": "13.3/hexincan",
                "video_1": null,
                "QA": {
                    "q": "Upon ensuring the alcohol burner was open, did the chemist, ensuring precision, subsequently grab the test tube clamp?",
                    "a": "Yes, right after placing the alcohol burner cap down, the chemist, without any delay, proceeded to take up the test tube clamp."
                }
            },
            {
                "video_0": "13.3/liulihao",
                "video_1": null,
                "QA": {
                    "q": "Engrossed in the procedure, the chemist reached out for the medicine spoon. Before he poured its contents, did he scoop something up?",
                    "a": "Yes, the dedicated chemist, after taking up the medicine spoon, scooped up some material, and only then did he pour out its contents."
                }
            },
            {
                "video_0": "13.3/lixin",
                "video_1": null,
                "QA": {
                    "q": "Following the usage of the medicine spoon in his experimental steps, did the researcher ensure to set it back on the lab table?",
                    "a": "Yes, upon completing his task with the medicine spoon, the researcher promptly placed it back on the lab table, ensuring a tidy workspace."
                }
            },
            {
                "video_0": "13.3/shachenran",
                "video_1": null,
                "QA": {
                    "q": "Upon ensuring the alcohol burner was open, did the chemist, ensuring precision, subsequently grab the test tube clamp?",
                    "a": "Yes, right after placing the alcohol burner cap down, the chemist, without any delay, proceeded to take up the test tube clamp."
                }
            },
            {
                "video_0": "13.3/tanshitao",
                "video_1": null,
                "QA": {
                    "q": "With a clear intent in her eyes, the lab assistant scooped something using a medicine spoon. Did she then pour its contents into a container?",
                    "a": "Yes, after skillfully scooping with the medicine spoon, the lab assistant made sure to pour its contents, showcasing her methodical approach."
                }
            },
            {
                "video_0": "13.3/zhangxinyi",
                "video_1": null,
                "QA": {
                    "q": "In the midst of the experiment, the lab assistant gave the test tube clamp a shake. Did she then proceed to pour out the contents of the test tube?",
                    "a": "Yes, following the act of shaking the test tube clamp, the lab assistant meticulously poured out the contents from the test tube."
                }
            },
            {
                "video_0": "13.3/daiqiyuan",
                "video_1": null,
                "QA": {
                    "q": "Following a careful pouring from the test tube, did the attentive student then set the test tube clamp on the bench?",
                    "a": "Yes, post the act of pouring from the test tube, the student placed the test tube clamp down on the lab bench, signaling the end of that particular step."
                }
            },
            {
                "video_0": "13.3/danghaoran",
                "video_1": null,
                "QA": {
                    "q": "In a well-equipped lab, an eager researcher is conducting an experiment. After initially removing the cover from the alcohol burner, did this focused scientist immediately proceed to pick up a test tube?",
                    "a": "Yes, the diligent researcher, after uncovering the alcohol burner, promptly took up the test tube, suggesting a sequential procedure in the experiment."
                }
            },
            {
                "video_0": "13.3/huangwenhao",
                "video_1": null,
                "QA": {
                    "q": "Engrossed in the procedure, the chemist reached out for the medicine spoon. Before he poured its contents, did he scoop something up?",
                    "a": "Yes, the dedicated chemist, after taking up the medicine spoon, scooped up some material, and only then did he pour out its contents."
                }
            },
            {
                "video_0": "13.3/lijialun",
                "video_1": null,
                "QA": {
                    "q": "In a well-equipped lab, an eager researcher is conducting an experiment. After initially removing the cover from the alcohol burner, did this focused scientist immediately proceed to pick up a test tube?",
                    "a": "Yes, the diligent researcher, after uncovering the alcohol burner, promptly took up the test tube, suggesting a sequential procedure in the experiment."
                }
            },
            {
                "video_0": "13.3/qusiqi",
                "video_1": null,
                "QA": {
                    "q": "Following the usage of the medicine spoon in his experimental steps, did the researcher ensure to set it back on the lab table?",
                    "a": "Yes, upon completing his task with the medicine spoon, the researcher promptly placed it back on the lab table, ensuring a tidy workspace."
                }
            },
            {
                "video_0": "13.3/sunfengyu",
                "video_1": null,
                "QA": {
                    "q": "In the midst of the experiment, the lab assistant gave the test tube clamp a shake. Did she then proceed to pour out the contents of the test tube?",
                    "a": "Yes, following the act of shaking the test tube clamp, the lab assistant meticulously poured out the contents from the test tube."
                }
            },
            {
                "video_0": "13.3/wangjiahao",
                "video_1": null,
                "QA": {
                    "q": "In the midst of the experiment, the lab assistant gave the test tube clamp a shake. Did she then proceed to pour out the contents of the test tube?",
                    "a": "Yes, following the act of shaking the test tube clamp, the lab assistant meticulously poured out the contents from the test tube."
                }
            },
            {
                "video_0": "13.3/xujiale",
                "video_1": null,
                "QA": {
                    "q": "Following a careful pouring from the test tube, did the attentive student then set the test tube clamp on the bench?",
                    "a": "Yes, post the act of pouring from the test tube, the student placed the test tube clamp down on the lab bench, signaling the end of that particular step."
                }
            },
            {
                "video_0": "13.3/yanghan",
                "video_1": null,
                "QA": {
                    "q": "During the intricate process, the researcher utilized a medicine spoon for scooping. Was the subsequent step pouring out what was scooped?",
                    "a": "Indeed, the researcher, after utilizing the medicine spoon for scooping, made certain to pour out its contents without hesitation."
                }
            },
            {
                "video_0": "13.3/zhaoyang",
                "video_1": null,
                "QA": {
                    "q": "In demonstrating the procedure to the class, the instructor picked up a test tube. Did she then immediately reach for the test tube clamp?",
                    "a": "Yes, right after picking up the test tube, the instructor swiftly reached for the test tube clamp, showcasing the sequential steps of the procedure."
                }
            },
            {
                "video_0": "13.3/zhengwenwen",
                "video_1": null,
                "QA": {
                    "q": "Upon ensuring the alcohol burner was open, did the chemist, ensuring precision, subsequently grab the test tube clamp?",
                    "a": "Yes, right after placing the alcohol burner cap down, the chemist, without any delay, proceeded to take up the test tube clamp."
                }
            }
        ]
    },
    {
        "label": "14.1",
        "videos": [
            {
                "video_0": "14.1/daiqiyuan",
                "video_1": null,
                "QA": {
                    "q": "In the video sequence, was it observed that the student pulled the injector's plunger prior to lifting the wash bottle?",
                    "a": "No, the sequence didn't involve the student pulling the injector and then taking up the wash bottle."
                }
            },
            {
                "video_0": "14.1/gaozitang",
                "video_1": null,
                "QA": {
                    "q": "In the experimental process, after handling the wash bottle, did the researcher transition directly to the test tube without squeezing the wash bottle?",
                    "a": "No, the researcher first squeezed the wash bottle and then took up other equipment, not directly the test tube."
                }
            },
            {
                "video_0": "14.1/hexincan",
                "video_1": null,
                "QA": {
                    "q": "In the depicted procedure, did the lab assistant sequentially take up the injector, pull its plunger to draw in the liquid, and then shift to handling the test tube?",
                    "a": "Yes, the lab assistant took up the injector, pulled it to draw in the liquid, and then took up the test tube as part of the experiment."
                }
            },
            {
                "video_0": "14.1/huangwenhao",
                "video_1": null,
                "QA": {
                    "q": "In the experiment, once the lab assistant was done with the injector and put it down, did they immediately take up the wash bottle?",
                    "a": "No, after the lab assistant put down the injector, they did not immediately take up the wash bottle."
                }
            },
            {
                "video_0": "14.1/liulihao",
                "video_1": null,
                "QA": {
                    "q": "Following the action where the chemist squeezed the wash bottle, did they directly proceed to pick up the test tube?",
                    "a": "No, after squeezing the wash bottle, the researcher didn't directly pick up the test tube."
                }
            },
            {
                "video_0": "14.1/lixin",
                "video_1": null,
                "QA": {
                    "q": "In the setting of a laboratory experiment, after carefully taking up the wash bottle, did the lab assistant proceed to squeeze its contents?",
                    "a": "Yes, in the video, it can be seen that in the context of the laboratory experiment, the lab assistant took up the wash bottle and then squeezed it to release its contents."
                }
            },
            {
                "video_0": "14.1/shachenran",
                "video_1": null,
                "QA": {
                    "q": "Following the action where the chemist squeezed the wash bottle, did they directly proceed to pick up the test tube?",
                    "a": "No, after squeezing the wash bottle, the researcher didn't directly pick up the test tube."
                }
            },
            {
                "video_0": "14.1/xujiale",
                "video_1": null,
                "QA": {
                    "q": "In the setting of a laboratory experiment, after carefully taking up the wash bottle, did the lab assistant proceed to squeeze its contents?",
                    "a": "Yes, in the video, it can be seen that in the context of the laboratory experiment, the lab assistant took up the wash bottle and then squeezed it to release its contents."
                }
            },
            {
                "video_0": "14.1/yanghan",
                "video_1": null,
                "QA": {
                    "q": "Once the chemist had the test tube in hand, was their immediate next action to push the contents of the injector into it?",
                    "a": "No, in the sequence, the chemist didn't immediately push the injector after picking up the test tube."
                }
            },
            {
                "video_0": "14.1/zhangxinyi",
                "video_1": null,
                "QA": {
                    "q": "In the experimental process, after handling the wash bottle, did the researcher transition directly to the test tube without squeezing the wash bottle?",
                    "a": "No, the researcher first squeezed the wash bottle and then took up other equipment, not directly the test tube."
                }
            },
            {
                "video_0": "14.1/zhaoyang",
                "video_1": null,
                "QA": {
                    "q": "During an experiment, after the student carefully took up the injector, did they then pull its plunger?",
                    "a": "Yes, after the student took up the injector, they pulled its plunger, drawing the liquid inside."
                }
            },
            {
                "video_0": "14.1/zhengwenwen",
                "video_1": null,
                "QA": {
                    "q": "In the experimental process, after handling the wash bottle, did the researcher transition directly to the test tube without squeezing the wash bottle?",
                    "a": "No, the researcher first squeezed the wash bottle and then took up other equipment, not directly the test tube."
                }
            },
            {
                "video_0": "14.1/chenzheng",
                "video_1": null,
                "QA": {
                    "q": "In the experimental process, after handling the wash bottle, did the researcher transition directly to the test tube without squeezing the wash bottle?",
                    "a": "No, the researcher first squeezed the wash bottle and then took up other equipment, not directly the test tube."
                }
            },
            {
                "video_0": "14.1/danghaoran",
                "video_1": null,
                "QA": {
                    "q": "In the depicted procedure, did the lab assistant sequentially take up the injector, pull its plunger to draw in the liquid, and then shift to handling the test tube?",
                    "a": "Yes, the lab assistant took up the injector, pulled it to draw in the liquid, and then took up the test tube as part of the experiment."
                }
            },
            {
                "video_0": "14.1/fanli",
                "video_1": null,
                "QA": {
                    "q": "In the depicted procedure, did the lab assistant sequentially take up the injector, pull its plunger to draw in the liquid, and then shift to handling the test tube?",
                    "a": "Yes, the lab assistant took up the injector, pulled it to draw in the liquid, and then took up the test tube as part of the experiment."
                }
            },
            {
                "video_0": "14.1/lijialun",
                "video_1": null,
                "QA": {
                    "q": "In the experiment, once the lab assistant was done with the injector and put it down, did they immediately take up the wash bottle?",
                    "a": "No, after the lab assistant put down the injector, they did not immediately take up the wash bottle."
                }
            },
            {
                "video_0": "14.1/qusiqi",
                "video_1": null,
                "QA": {
                    "q": "In the sequence of events, after the researcher utilized the wash bottle, was it placed down before they took up the injector?",
                    "a": "Yes, the researcher first utilized the wash bottle and then placed it down. Only after this did they take up the injector."
                }
            },
            {
                "video_0": "14.1/sunfengyu",
                "video_1": null,
                "QA": {
                    "q": "In the sequence of events, after the researcher utilized the wash bottle, was it placed down before they took up the injector?",
                    "a": "Yes, the researcher first utilized the wash bottle and then placed it down. Only after this did they take up the injector."
                }
            },
            {
                "video_0": "14.1/tanshitao",
                "video_1": null,
                "QA": {
                    "q": "In the experimental process, after handling the wash bottle, did the researcher transition directly to the test tube without squeezing the wash bottle?",
                    "a": "No, the researcher first squeezed the wash bottle and then took up other equipment, not directly the test tube."
                }
            },
            {
                "video_0": "14.1/wangjiahao",
                "video_1": null,
                "QA": {
                    "q": "Following the action where the chemist squeezed the wash bottle, did they directly proceed to pick up the test tube?",
                    "a": "No, after squeezing the wash bottle, the researcher didn't directly pick up the test tube."
                }
            }
        ]
    },
    {
        "label": "15.3",
        "videos": [
            {
                "video_0": "15.3/daiqiyuan",
                "video_1": null,
                "QA": {
                    "q": "Following the action of scooping up a substance with the medicine spoon, did the researcher then proceed to pour out what he had scooped into another container or apparatus?",
                    "a": "Absolutely. Post scooping, the chemist expertly poured out the contents from the medicine spoon, likely into another apparatus for further processing or measurement."
                }
            },
            {
                "video_0": "15.3/danghaoran",
                "video_1": null,
                "QA": {
                    "q": "Following the process of mixing with the pestle, did the chemist immediately switch to using the medicine spoon without any intermediary steps?",
                    "a": "No, after the stirring process with the pestle, the chemist did not directly use the medicine spoon. There were other actions that took place in between, showcasing the complexity of the procedure."
                }
            },
            {
                "video_0": "15.3/huangwenhao",
                "video_1": null,
                "QA": {
                    "q": "In a dimly lit chemistry lab, there's a meticulous chemist engrossed in his experiment. Ensuring safety and accuracy is of utmost priority. After he uncovers the alcohol burner, would it be correct to state that he responsibly put its cap down?",
                    "a": "Absolutely. After the chemist uncovers the alcohol burner, he ensures safety and immediately puts down the alcohol burner cap, ensuring no hazardous incidents occur."
                }
            },
            {
                "video_0": "15.3/lijialun",
                "video_1": null,
                "QA": {
                    "q": "Following the action of scooping up a substance with the medicine spoon, did the researcher then proceed to pour out what he had scooped into another container or apparatus?",
                    "a": "Absolutely. Post scooping, the chemist expertly poured out the contents from the medicine spoon, likely into another apparatus for further processing or measurement."
                }
            },
            {
                "video_0": "15.3/liulihao",
                "video_1": null,
                "QA": {
                    "q": "With the pestle being essential for grinding and mixing, after using it for his purpose, did the chemist place it back on the workspace?",
                    "a": "Indeed. Post his activity of stirring with the pestle, the chemist ensured to put it down, likely signifying the end of that specific procedure."
                }
            },
            {
                "video_0": "15.3/lixin",
                "video_1": null,
                "QA": {
                    "q": "With the medicine spoon in his hand, did the chemist use it to scoop up a certain amount of substance for his experiment?",
                    "a": "Yes, once the chemist had the medicine spoon in his possession, he utilized it to scoop up a specific amount of substance, showcasing his meticulous approach."
                }
            },
            {
                "video_0": "15.3/shachenran",
                "video_1": null,
                "QA": {
                    "q": "Following the action of scooping up a substance with the medicine spoon, did the researcher then proceed to pour out what he had scooped into another container or apparatus?",
                    "a": "Absolutely. Post scooping, the chemist expertly poured out the contents from the medicine spoon, likely into another apparatus for further processing or measurement."
                }
            },
            {
                "video_0": "15.3/wangjiahao",
                "video_1": null,
                "QA": {
                    "q": "Post his stirring activity with the pestle, did the researcher immediately place the mortar back onto the table?",
                    "a": "No, after stirring with the pestle, the chemist did not immediately put down the mortar. The sequence suggests he might have continued using it or was yet to complete the intended task with it."
                }
            },
            {
                "video_0": "15.3/xujiale",
                "video_1": null,
                "QA": {
                    "q": "Post his stirring activity with the pestle, did the researcher immediately place the mortar back onto the table?",
                    "a": "No, after stirring with the pestle, the chemist did not immediately put down the mortar. The sequence suggests he might have continued using it or was yet to complete the intended task with it."
                }
            },
            {
                "video_0": "15.3/yanghan",
                "video_1": null,
                "QA": {
                    "q": "With the pestle being essential for grinding and mixing, after using it for his purpose, did the chemist place it back on the workspace?",
                    "a": "Indeed. Post his activity of stirring with the pestle, the chemist ensured to put it down, likely signifying the end of that specific procedure."
                }
            },
            {
                "video_0": "15.3/zhaoyang",
                "video_1": null,
                "QA": {
                    "q": "Having transferred the substance using the medicine spoon, did the chemist then place it back on the workbench?",
                    "a": "Correct. Once he completed the task of pouring the contents from the medicine spoon, the chemist then put it down, likely to free his hands for the next step in his procedure."
                }
            },
            {
                "video_0": "15.3/zhengwenwen",
                "video_1": null,
                "QA": {
                    "q": "Post his stirring activity with the pestle, did the researcher immediately place the mortar back onto the table?",
                    "a": "No, after stirring with the pestle, the chemist did not immediately put down the mortar. The sequence suggests he might have continued using it or was yet to complete the intended task with it."
                }
            },
            {
                "video_0": "15.3/chenzheng",
                "video_1": null,
                "QA": {
                    "q": "Upon holding the pestle, was the chemist's immediate action to use it for stirring purposes within the mortar?",
                    "a": "Yes, the chemist, after picking up the pestle, utilized it directly to stir, indicating the importance of mixing or grinding substances in his experiment."
                }
            },
            {
                "video_0": "15.3/fanli",
                "video_1": null,
                "QA": {
                    "q": "Following the process of mixing with the pestle, did the chemist immediately switch to using the medicine spoon without any intermediary steps?",
                    "a": "No, after the stirring process with the pestle, the chemist did not directly use the medicine spoon. There were other actions that took place in between, showcasing the complexity of the procedure."
                }
            },
            {
                "video_0": "15.3/gaozitang",
                "video_1": null,
                "QA": {
                    "q": "With the medicine spoon in his hand, did the chemist use it to scoop up a certain amount of substance for his experiment?",
                    "a": "Yes, once the chemist had the medicine spoon in his possession, he utilized it to scoop up a specific amount of substance, showcasing his meticulous approach."
                }
            },
            {
                "video_0": "15.3/hexincan",
                "video_1": null,
                "QA": {
                    "q": "Following the action of scooping up a substance with the medicine spoon, did the researcher then proceed to pour out what he had scooped into another container or apparatus?",
                    "a": "Absolutely. Post scooping, the chemist expertly poured out the contents from the medicine spoon, likely into another apparatus for further processing or measurement."
                }
            },
            {
                "video_0": "15.3/qusiqi",
                "video_1": null,
                "QA": {
                    "q": "Following the process of mixing with the pestle, did the chemist immediately switch to using the medicine spoon without any intermediary steps?",
                    "a": "No, after the stirring process with the pestle, the chemist did not directly use the medicine spoon. There were other actions that took place in between, showcasing the complexity of the procedure."
                }
            },
            {
                "video_0": "15.3/sunfengyu",
                "video_1": null,
                "QA": {
                    "q": "With the pestle being essential for grinding and mixing, after using it for his purpose, did the chemist place it back on the workspace?",
                    "a": "Indeed. Post his activity of stirring with the pestle, the chemist ensured to put it down, likely signifying the end of that specific procedure."
                }
            },
            {
                "video_0": "15.3/tanshitao",
                "video_1": null,
                "QA": {
                    "q": "Following the process of mixing with the pestle, did the chemist immediately switch to using the medicine spoon without any intermediary steps?",
                    "a": "No, after the stirring process with the pestle, the chemist did not directly use the medicine spoon. There were other actions that took place in between, showcasing the complexity of the procedure."
                }
            },
            {
                "video_0": "15.3/zhangxinyi",
                "video_1": null,
                "QA": {
                    "q": "Having transferred the substance using the medicine spoon, did the chemist then place it back on the workbench?",
                    "a": "Correct. Once he completed the task of pouring the contents from the medicine spoon, the chemist then put it down, likely to free his hands for the next step in his procedure."
                }
            }
        ]
    }
]