[
    {
        "dataset": "CSV",
        "class_0": "7.1",
        "label_0": [
            "uncover the crucible",
            "put the crucible cap",
            "take up the crucible",
            "put down the crucible",
            "move the alcohol burner",
            "take up the crucible tong",
            "clamp the crucible tong",
            "put down the crucible",
            "put down the crucible tong",
            "take up the crucible cap",
            "cover the crucible with the crucible cap"
        ],
        "video_0": "7.1/zouzhicheng",
        "class_1": null,
        "video_1": null,
        "QA": {
            "q": "Once the student clamped the crucible using the tong, did they promptly seal it using the crucible cap?",
            "a": "No, post clamping the crucible with the tong, the student undertook other activities before eventually covering the crucible with its cap."
        }
    },
    {
        "dataset": "CSV",
        "class_0": "8.2",
        "label_0": [
            "take up the test paper",
            "tear the test paper",
            "put down the test paper",
            "put down the test paper",
            "take up the tweezer",
            "clamp the tweezer",
            "put down the test paper",
            "put down the tweezer",
            "take up the glass rod",
            "point the glass rod to evaporating dish",
            "point the glass rod to test paper",
            "put down the glass rod"
        ],
        "video_0": "8.2/zouzhicheng",
        "class_1": null,
        "video_1": null,
        "QA": {
            "q": "In a video demonstrating a complex chemical reaction, there's a meticulous sequence of actions followed by the researcher. Pondering on this, a viewer inquires: Post the tearing of the test paper, did the researcher instantly pick up the tweezer?",
            "a": "No, the video annotations suggest that after tearing the test paper, the researcher did not immediately pick up the tweezer. Instead, there were other intermediate steps before the tweezer came into play, highlighting the careful procedure followed."
        }
    },
    {
        "dataset": "CSV",
        "class_0": "9.1",
        "label_0": [
            "take up the beaker",
            "put down the beaker",
            "take up the iron ring",
            "screw the iron ring",
            "take up the glass funnel",
            "put down the glass funnel",
            "take up the filter paper",
            "fold the filter paper",
            "put down the filter paper"
        ],
        "video_0": "9.1/zhuyuewei",
        "class_1": null,
        "video_1": null,
        "QA": {
            "q": "During the preparation phase, the lab assistant was seen arranging various tools. After placing the glass funnel down, was the subsequent move to pick up a filter paper?",
            "a": "Indeed, post placing down the glass funnel, the lab assistant's next move was to take up the filter paper."
        }
    },
    {
        "dataset": "CSV",
        "class_0": "10.2",
        "label_0": [
            "take up the iron ring",
            "screw the iron ring",
            "take up the separating funnel",
            "put down the separating funnel",
            "take up the conical flask",
            "pour the conical flask",
            "put down the conical flask",
            "insert the upper piston",
            "screw the lower piston"
        ],
        "video_0": "10.2/zhaowenlei",
        "class_1": null,
        "video_1": null,
        "QA": {
            "q": "In the middle of the procedure, once the chemist held the conical flask, was their subsequent move to pour out what was inside?",
            "a": "Indeed, after the chemist took up the conical flask, they immediately proceeded to pour its content."
        }
    },
    {
        "dataset": "CSV",
        "class_0": "11.5",
        "label_0": [
            "screw the knob",
            "take up the rubber stopper",
            "put down the rubber stopper",
            "take up the tweezer",
            "clamp the tweezer",
            "put down the weight",
            "clamp the tweezer",
            "put down the weight",
            "put down the tweezer",
            "move the vernier"
        ],
        "video_0": "11.5/zhengwenwen",
        "class_1": null,
        "video_1": null,
        "QA": {
            "q": "After a series of intricate steps in the lab, the lab assistant seems to be nearing the completion of a procedure. Upon placing the tweezer in its rightful spot, does the assistant then interact with the vernier?",
            "a": "Exactly right, the video captures the lab assistant's methodical actions. Soon after ensuring the tweezer was safely placed, they proceeded to adjust or move the vernier, signaling the continuation or potential conclusion of the procedure."
        }
    },
    {
        "dataset": "CSV",
        "class_0": "12.3",
        "label_0": [
            "take up the test tube",
            "take up the wash bottle",
            "squeeze the wash bottle",
            "put down the wash bottle",
            "pour the test tube",
            "take up the test tube brush",
            "push the test tube brush",
            "pull the test tube brush",
            "put down the test tube brush",
            "put down the test tube"
        ],
        "video_0": "12.3/zhangxinyi",
        "class_1": null,
        "video_1": null,
        "QA": {
            "q": "During a laboratory session, an instructor is seen handling various apparatus. After squeezing the wash bottle, did the instructor immediately pick up the test tube brush?",
            "a": "No, after squeezing the wash bottle, the instructor does not immediately pick up the test tube brush. The sequence depicts other actions being performed before the test tube brush is handled."
        }
    },
    {
        "dataset": "CSV",
        "class_0": "13.3",
        "label_0": [
            "uncover the alcohol burner",
            "put down the alcohol burner cap",
            "take up the test tube",
            "take up the test tube clamp",
            "clamp the test tube clamp",
            "take up the medicine spoon",
            "scoop with the medicine spoon",
            "pour the medicine spoon",
            "put down the medicine spoon",
            "shake the test tube clamp",
            "pour the test tube clamp",
            "put down the test tube clamp"
        ],
        "video_0": "13.3/zhengwenwen",
        "class_1": null,
        "video_1": null,
        "QA": {
            "q": "Following a careful pouring from the test tube, did the attentive student then set the test tube clamp on the bench?",
            "a": "Yes, post the act of pouring from the test tube, the student placed the test tube clamp down on the lab bench, signaling the end of that particular step."
        }
    },
    {
        "dataset": "CSV",
        "class_0": "14.1",
        "label_0": [
            "take up the wash bottle",
            "squeeze the wash bottle",
            "put down the wash bottle",
            "take up the injector",
            "pull the injector",
            "take up the test tube",
            "push the injector",
            "put down the test tube",
            "put down the injector"
        ],
        "video_0": "14.1/wangjiahao",
        "class_1": null,
        "video_1": null,
        "QA": {
            "q": "Following the action where the chemist squeezed the wash bottle, did they directly proceed to pick up the test tube?",
            "a": "No, after squeezing the wash bottle, the researcher didn't directly pick up the test tube."
        }
    },
    {
        "dataset": "CSV",
        "class_0": "15.3",
        "label_0": [
            "uncover the alcohol burner",
            "put down the alcohol burner cap",
            "move the alcohol burner",
            "take up the mortar",
            "take up the medicine spoon",
            "scoop with the medicine spoon",
            "pour the medicine spoon",
            "put down the medicine spoon",
            "take up the pestle",
            "stir the pestle",
            "put dow the mortar",
            "put down the pestle"
        ],
        "video_0": "15.3/zhangxinyi",
        "class_1": null,
        "video_1": null,
        "QA": {
            "q": "Upon holding the pestle, was the chemist's immediate action to use it for stirring purposes within the mortar?",
            "a": "Yes, the chemist, after picking up the pestle, utilized it directly to stir, indicating the importance of mixing or grinding substances in his experiment."
        }
    }
]