[
    {
        "dataset": "CSV",
        "class_0": "7.1",
        "label_0": [
            "uncover the crucible",
            "put the crucible cap",
            "take up the crucible",
            "put down the crucible",
            "move the alcohol burner",
            "take up the crucible tong",
            "clamp the crucible tong",
            "put down the crucible",
            "put down the crucible tong",
            "take up the crucible cap",
            "cover the crucible with the crucible cap"
        ],
        "video_0": "7.1/zouzhicheng",
        "class_1": null,
        "video_1": null,
        "QA": {
            "q": "Repetitive actions can sometimes be integral to a lab procedure's accuracy. Within the described sequence, were there any repeated manipulations of the crucible?",
            "a": "Yes, in the provided sequence, there's a noticeable repetition concerning the crucible. Specifically, the crucible is taken up and then put down on two distinct occasions. Such repetition might indicate various stages of the procedure where the crucible needed to be inspected, moved, or interacted with multiple times to ensure the experiment's success."
        }
    },
    {
        "dataset": "CSV",
        "class_0": "8.2",
        "label_0": [
            "take up the test paper",
            "tear the test paper",
            "put down the test paper",
            "put down the test paper",
            "take up the tweezer",
            "clamp the tweezer",
            "put down the test paper",
            "put down the tweezer",
            "take up the glass rod",
            "point the glass rod to evaporating dish",
            "point the glass rod to test paper",
            "put down the glass rod"
        ],
        "video_0": "8.2/zouzhicheng",
        "class_1": null,
        "video_1": null,
        "QA": {
            "q": "Glass rods are versatile tools in the lab. Can you specify how the glass rod was employed in this particular video sequence?",
            "a": "Absolutely. In the sequence, the glass rod is first picked up, signaling its upcoming use. It is then pointed or directed towards an evaporating dish, possibly indicating the transfer of a substance or mere guidance. Subsequently, the rod is pointed towards the previously torn test paper, which might suggest some interaction or indication. Finally, the rod's immediate role concludes as it is set back down on the workspace."
        }
    },
    {
        "dataset": "CSV",
        "class_0": "9.1",
        "label_0": [
            "take up the beaker",
            "put down the beaker",
            "take up the iron ring",
            "screw the iron ring",
            "take up the glass funnel",
            "put down the glass funnel",
            "take up the filter paper",
            "fold the filter paper",
            "put down the filter paper"
        ],
        "video_0": "9.1/zhuyuewei",
        "class_1": null,
        "video_1": null,
        "QA": {
            "q": "In the context of the lab experiment, certain tools were handled and then used or adjusted before being set down. Can you pinpoint these items based on the scientist's sequence of actions?",
            "a": "Analyzing the sequence of actions, it's clear that some items weren't immediately returned after being picked up. The iron ring was taken up and then adjusted or screwed, ensuring its stability or fit. Similarly, the filter paper was not only picked up but also folded, indicating it was prepared for some purpose, likely filtration, before being set aside."
        }
    },
    {
        "dataset": "CSV",
        "class_0": "10.2",
        "label_0": [
            "take up the iron ring",
            "screw the iron ring",
            "take up the separating funnel",
            "put down the separating funnel",
            "take up the conical flask",
            "pour the conical flask",
            "put down the conical flask",
            "insert the upper piston",
            "screw the lower piston"
        ],
        "video_0": "10.2/zhaowenlei",
        "class_1": null,
        "video_1": null,
        "QA": {
            "q": "In the video, a laboratory technician is seen working meticulously with various apparatus. Can you detail out the exact sequence of operations they executed?",
            "a": "In the video, the laboratory technician started their procedure by taking up an iron ring. This equipment is commonly used to support other lab apparatus. After picking it up, they made sure it was secure by screwing it in place. Subsequently, they took a separating funnel, a tool often used for the separation of mixtures, and after a brief interaction, put it down. The next item they handled was a conical flask. They took it, poured its contents, probably into another container, and then placed it back. As the experiment progressed, they took the step of inserting an upper piston, a component in some laboratory setups. They then proceeded to screw the lower piston, ensuring that the setup was secure and ready for the next steps of their experiment."
        }
    },
    {
        "dataset": "CSV",
        "class_0": "11.5",
        "label_0": [
            "screw the knob",
            "take up the rubber stopper",
            "put down the rubber stopper",
            "take up the tweezer",
            "clamp the tweezer",
            "put down the weight",
            "clamp the tweezer",
            "put down the weight",
            "put down the tweezer",
            "move the vernier"
        ],
        "video_0": "11.5/zhengwenwen",
        "class_1": null,
        "video_1": null,
        "QA": {
            "q": "Precision is often the key in laboratory experiments. Was there any instrument the technician used to ensure such accuracy in measurements or alignments?",
            "a": "Absolutely, towards the conclusion of the video sequence, the technician employed a vernier. A vernier is an instrument renowned for its ability to provide detailed and precise measurements, especially when dealing with small scales or intricate setups. The technician's usage of the vernier underscores the importance of accuracy in the procedure they were undertaking."
        }
    },
    {
        "dataset": "CSV",
        "class_0": "12.3",
        "label_0": [
            "take up the test tube",
            "take up the wash bottle",
            "squeeze the wash bottle",
            "put down the wash bottle",
            "pour the test tube",
            "take up the test tube brush",
            "push the test tube brush",
            "pull the test tube brush",
            "put down the test tube brush",
            "put down the test tube"
        ],
        "video_0": "12.3/zhangxinyi",
        "class_1": null,
        "video_1": null,
        "QA": {
            "q": "The test tube seems to be a focal apparatus in the video. Can you specify how its interaction was initiated and concluded in the sequence?",
            "a": "Indeed, the test tube is central to the operations in the video. The sequence commences with the technician taking up the test tube, marking the beginning of the experimental procedure. Various operations ensue involving other tools and the test tube. Conclusively, after all necessary actions, including pouring its contents and cleaning it, the technician places the test tube down, signifying the end of this particular sequence."
        }
    },
    {
        "dataset": "CSV",
        "class_0": "13.3",
        "label_0": [
            "uncover the alcohol burner",
            "put down the alcohol burner cap",
            "take up the test tube",
            "take up the test tube clamp",
            "clamp the test tube clamp",
            "take up the medicine spoon",
            "scoop with the medicine spoon",
            "pour the medicine spoon",
            "put down the medicine spoon",
            "shake the test tube clamp",
            "pour the test tube clamp",
            "put down the test tube clamp"
        ],
        "video_0": "13.3/zhengwenwen",
        "class_1": null,
        "video_1": null,
        "QA": {
            "q": "During the sequence, was there any action suggesting a need to mix or agitate the contents of an apparatus?",
            "a": "Indeed, there's a distinct phase in the sequence where agitation is evident. After introducing a substance into the test tube using the medicine spoon, the test tube, while clamped, is shaken. This shaking action likely serves to mix the contents, ensuring uniformity, initiating a reaction, or simply ensuring that the introduced substance is well-dispersed within the test tube's primary content."
        }
    },
    {
        "dataset": "CSV",
        "class_0": "14.1",
        "label_0": [
            "take up the wash bottle",
            "squeeze the wash bottle",
            "put down the wash bottle",
            "take up the injector",
            "pull the injector",
            "take up the test tube",
            "push the injector",
            "put down the test tube",
            "put down the injector"
        ],
        "video_0": "14.1/wangjiahao",
        "class_1": null,
        "video_1": null,
        "QA": {
            "q": "In the laboratory setting shown in the video, what series of precise actions did the individual undertake, particularly focusing on the usage of lab equipment such as the wash bottle, injector, and test tube?",
            "a": "The video set in a laboratory environment reveals a methodical sequence of actions undertaken by an individual. Initially, they take up the wash bottle, which is likely used for dispensing liquids. They then proceed to squeeze the wash bottle, possibly to transfer a liquid. Subsequently, the wash bottle is placed down. The individual's attention then shifts to the injector, which they pick up and pull, indicating preparation for an injection or measurement process. Following this, they take up a test tube, perhaps to receive a substance. The injector is then pushed, indicating the dispensing of a fluid or gas. Finally, both the test tube and the injector are put down, signifying the conclusion of this particular set of procedures."
        }
    },
    {
        "dataset": "CSV",
        "class_0": "15.3",
        "label_0": [
            "uncover the alcohol burner",
            "put down the alcohol burner cap",
            "move the alcohol burner",
            "take up the mortar",
            "take up the medicine spoon",
            "scoop with the medicine spoon",
            "pour the medicine spoon",
            "put down the medicine spoon",
            "take up the pestle",
            "stir the pestle",
            "put dow the mortar",
            "put down the pestle"
        ],
        "video_0": "15.3/zhangxinyi",
        "class_1": null,
        "video_1": null,
        "QA": {
            "q": "In a scenario where a person is meticulously preparing a medicinal concoction, what sequential steps do they follow to ensure the correct mixture of ingredients and proper handling of the equipment?",
            "a": "In this precise and methodical process, the person first uncovers the alcohol burner to initiate the preparation. Subsequently, they put down the alcohol burner cap, likely to adjust the flame or heat. The alcohol burner is then moved to an appropriate position. The preparation continues as they take up the mortar, essential for mixing or grinding ingredients. Next, they take up a medicine spoon, a tool for measuring and transferring ingredients. The person then scoops with the medicine spoon, accurately gathering the required quantity of a component. After scooping, they pour from the medicine spoon, likely adding the ingredient to the mortar. The medicine spoon is then put down, having served its purpose. The person proceeds to take up the pestle, another crucial tool for grinding or mixing. They stir with the pestle, ensuring the ingredients are well-combined. Finally, the process concludes as they put down the mortar and the pestle, signaling the end of this meticulous preparation phase."
        }
    }
]