[
    {
        "dataset": "CSV",
        "class_0": "7.1",
        "label_0": [
            "uncover the crucible",
            "put the crucible cap",
            "take up the crucible",
            "put down the crucible",
            "move the alcohol burner",
            "take up the crucible tong",
            "clamp the crucible tong",
            "put down the crucible",
            "put down the crucible tong",
            "take up the crucible cap",
            "cover the crucible with the crucible cap"
        ],
        "video_0": "7.1/zouzhicheng",
        "class_1": null,
        "video_1": null,
        "QA": {
            "q": "After the specific step of relocating the alcohol burner, what subsequent action is taken in the sequence?",
            "a": "Post the movement of the alcohol burner, the next action executed in the sequence is the lifting or taking up of the crucible tong."
        }
    },
    {
        "dataset": "CSV",
        "class_0": "8.2",
        "label_0": [
            "take up the test paper",
            "tear the test paper",
            "put down the test paper",
            "put down the test paper",
            "take up the tweezer",
            "clamp the tweezer",
            "put down the test paper",
            "put down the tweezer",
            "take up the glass rod",
            "point the glass rod to evaporating dish",
            "point the glass rod to test paper",
            "put down the glass rod"
        ],
        "video_0": "8.2/zouzhicheng",
        "class_1": null,
        "video_1": null,
        "QA": {
            "q": "Considering the sequence of actions you described from a laboratory setup, can you confirm if the test paper was the subject of attention on more than one occasion?",
            "a": "Indeed, the test paper was a point of focus multiple times in the sequence. Initially, the individual took up and then tore the test paper. After some actions with other instruments, they returned their attention to the test paper by putting it down again."
        }
    },
    {
        "dataset": "CSV",
        "class_0": "9.1",
        "label_0": [
            "take up the beaker",
            "put down the beaker",
            "take up the iron ring",
            "screw the iron ring",
            "take up the glass funnel",
            "put down the glass funnel",
            "take up the filter paper",
            "fold the filter paper",
            "put down the filter paper"
        ],
        "video_0": "9.1/zhuyuewei",
        "class_1": null,
        "video_1": null,
        "QA": {
            "q": "In the video, a series of lab actions are portrayed. Can you identify and list down the exact sequence of steps undertaken?",
            "a": "Certainly! The video chronicles a set of methodical lab actions. It starts with an individual picking up a beaker and then placing it down. Subsequently, they proceed to handle an iron ring by picking it up and then screwing it, possibly to a stand. Moving on, they then take up a glass funnel, only to place it down shortly after. Lastly, the sequence captures the handling of a filter paper. It's first picked up, then folded, and finally put down, concluding this segment of the procedure."
        }
    },
    {
        "dataset": "CSV",
        "class_0": "10.2",
        "label_0": [
            "take up the iron ring",
            "screw the iron ring",
            "take up the separating funnel",
            "put down the separating funnel",
            "take up the conical flask",
            "pour the conical flask",
            "put down the conical flask",
            "insert the upper piston",
            "screw the lower piston"
        ],
        "video_0": "10.2/zhaowenlei",
        "class_1": null,
        "video_1": null,
        "QA": {
            "q": "After all the meticulous steps taken in the lab, what concluding action did the individual perform to wrap up the sequence?",
            "a": "After a series of careful manipulations and procedures in the laboratory, the individual concluded the sequence by securing or screwing the lower piston into its designated position, ensuring its proper functionality."
        }
    },
    {
        "dataset": "CSV",
        "class_0": "11.5",
        "label_0": [
            "screw the knob",
            "take up the rubber stopper",
            "put down the rubber stopper",
            "take up the tweezer",
            "clamp the tweezer",
            "put down the weight",
            "clamp the tweezer",
            "put down the weight",
            "put down the tweezer",
            "move the vernier"
        ],
        "video_0": "11.5/zhengwenwen",
        "class_1": null,
        "video_1": null,
        "QA": {
            "q": "In the context of adjustments or securing tools, did the individual undertake any action related to screwing during the sequence?",
            "a": "Yes, early in the sequence, an action indicative of adjustments or ensuring stability was observed. The individual screwed the knob, possibly preparing or adjusting a device or apparatus for the subsequent steps."
        }
    },
    {
        "dataset": "CSV",
        "class_0": "12.3",
        "label_0": [
            "take up the test tube",
            "take up the wash bottle",
            "squeeze the wash bottle",
            "put down the wash bottle",
            "pour the test tube",
            "take up the test tube brush",
            "push the test tube brush",
            "pull the test tube brush",
            "put down the test tube brush",
            "put down the test tube"
        ],
        "video_0": "12.3/zhangxinyi",
        "class_1": null,
        "video_1": null,
        "QA": {
            "q": "Given a series of laboratory procedures involving a test tube, could you detail the steps taken from the beginning to the end?",
            "a": "Of course. In the observed laboratory procedure involving the test tube, the sequence of actions is as follows: Initially, the test tube is taken up. Then, there's an action where its contents are poured out. Next, the test tube brush is introduced, presumably for cleaning purposes. The brush is pushed into the test tube and subsequently pulled out. After completing the brushing action, the test tube brush is placed down. Finally, the test tube is also placed down, concluding the series of actions."
        }
    },
    {
        "dataset": "CSV",
        "class_0": "13.3",
        "label_0": [
            "uncover the alcohol burner",
            "put down the alcohol burner cap",
            "take up the test tube",
            "take up the test tube clamp",
            "clamp the test tube clamp",
            "take up the medicine spoon",
            "scoop with the medicine spoon",
            "pour the medicine spoon",
            "put down the medicine spoon",
            "shake the test tube clamp",
            "pour the test tube clamp",
            "put down the test tube clamp"
        ],
        "video_0": "13.3/zhengwenwen",
        "class_1": null,
        "video_1": null,
        "QA": {
            "q": "In the context of the procedure, can you detail the steps that involved the utilization of the medicine spoon?",
            "a": "Certainly. Within the procedure, the medicine spoon played a distinct role in transferring substances. The individual initially took up the medicine spoon. It was then used to scoop, possibly collecting a specific substance. After scooping, the contents held by the spoon were poured, likely into another vessel or the test tube. Once its role was fulfilled, the medicine spoon was carefully placed down."
        }
    },
    {
        "dataset": "CSV",
        "class_0": "14.1",
        "label_0": [
            "take up the wash bottle",
            "squeeze the wash bottle",
            "put down the wash bottle",
            "take up the injector",
            "pull the injector",
            "take up the test tube",
            "push the injector",
            "put down the test tube",
            "put down the injector"
        ],
        "video_0": "14.1/wangjiahao",
        "class_1": null,
        "video_1": null,
        "QA": {
            "q": "In a laboratory setting, where precision and order are crucial, can you detail the initial steps taken with the wash bottle by the scientist?",
            "a": "Initially, the scientist carefully picks up the wash bottle, ensuring a firm grip. Then, with a precise and controlled motion, the bottle is squeezed, likely to dispense a specific amount of liquid. Following this, the bottle is placed back in its original position, marking the completion of its use at this stage."
        }
    },
    {
        "dataset": "CSV",
        "class_0": "15.3",
        "label_0": [
            "uncover the alcohol burner",
            "put down the alcohol burner cap",
            "move the alcohol burner",
            "take up the mortar",
            "take up the medicine spoon",
            "scoop with the medicine spoon",
            "pour the medicine spoon",
            "put down the medicine spoon",
            "take up the pestle",
            "stir the pestle",
            "put dow the mortar",
            "put down the pestle"
        ],
        "video_0": "15.3/zhangxinyi",
        "class_1": null,
        "video_1": null,
        "QA": {
            "q": "In the initial stages of the experiment, why does the scientist meticulously uncover the alcohol burner and place its cap down?",
            "a": "In the realm of scientific experiments, each action is deliberate. Uncovering the alcohol burner is a preparatory step, likely signaling the need for a heat source in the upcoming stages. Placing the cap down carefully ensures that it doesn't get lost or become an obstruction, maintaining an orderly and safe workspace. It's a prelude to a controlled and precise heating process that may be crucial for the experiment."
        }
    }
]